SKU,Type,Name,Published,Is featured?,Visibility in catalog,Short description,Description,Regular price,In stock?,Allow customer reviews?,Categories,Images,Attribute 1 name,Attribute 1 value(s),Attribute 1 visible,Attribute 1 global,Attribute 2 name,Attribute 2 value(s),Attribute 2 visible,Attribute 2 global
"V 32 CH (5N.NR)","simple","Đồng Hồ Franck Muller Crazy Hours V 32 CH (5N.NR)","1","0","visible","Đồng Hồ Franck Muller Crazy Hours V 32 CH D (5N.NR) hiện đang có mặt tại Empire Luxury với mức giá không thể tốt hơn. Tìm hiểu ngay!","<p>Đồng hồ Franck Muller Crazy Hours V 32 CH D (5N.NR) là một sản phẩm đồng hồ với lớp vỏ được chế tác từ chất liệu Vàng Hồng 18k xa xỉ, có đường kính 29mm và mặt số dáng tonneau (dạng thùng) được Franck Muller khai thác triệt để trong các thiết kế kinh điển của Vanguard, đem lại một tổng thể hoàn hảo và có độ cong hoàn hảo giúp ôm sát cổ tay chủ nhân. Vành Bezel của đồng hồ được hoàn thiện bằng phương pháp đánh bóng quen thuộc, bộ khung bezel đem lại sự xa hoa bậc nhất khi khoác lên mình chiếc áo lộng lẫy với hàng loạt những viên kim cương quý giá kết hợp với hệ thống cọc chỉ giờ là 12 chữ số Arabic màu đen đính nổi được sắp xếp phi logic theo dõi qua bộ kim hình lá bằng thép nhuộm trắng ở trung tâm khiến mặt số tăng thêm phần mới lạ và kích thích sự tò mò. Mặt kính chất liệu Sapphire với khả năng chống sốc và chống xây xước tuyệt vời thể hiện được rõ ràng cỗ máy cơ khí đẹp mắt hoạt động bên dưới.</p>
<p>Bên cạnh đó, Franck Muller Crazy Hours V 32 CH D (5N.NR) còn được trang bị bộ máy Quartz tự động tinh anh có chuyển động ổn định, nhẹ nhàng cùng khả năng báo thời gian với độ chính xác đáng tin cậy.</p>","","1","1","FRANCK MULLER, FRANCK MULLER > Ladies' Collection (V32)","https://empireluxury.vn/wp-content/uploads/2022/04/dong-ho-franck-muller-crazy-hours-v-32-ch-d-5n-nr-2-1.jpg","Thương hiệu","FRANCK MULLER","1","1","Bộ sưu tập","Ladies' Collection (V32)","1","1"
"V 32 CH (AC.BC)","simple","Đồng Hồ Franck Muller Crazy Hours V 32 CH (AC.BC)","1","0","visible","Đồng Hồ Franck Muller Crazy Hours V 32 CH (AC.BC). Mặt Số Đen hiện đang có mặt tại Empire Luxury với mức giá không thể tốt hơn. Tìm hiểu ngay!","<p>Franck Muller Crazy Hours V 32 CH (AC.BC) điềm đạm,nhã nhặn nhưng lại toát ra khí chất quyền lực, một thủ lĩnh đích thực trên đôi tay người đeo.</p>","","1","1","FRANCK MULLER, FRANCK MULLER > Ladies' Collection (V32)","https://empireluxury.vn/wp-content/uploads/2022/04/dong-ho-franck-muller-crazy-hours-v-32-ch-ac-bc-5.jpg","Thương hiệu","FRANCK MULLER","1","1","Bộ sưu tập","Ladies' Collection (V32)","1","1"
"V 32 CH D (5N.RG)","simple","Đồng Hồ Franck Muller Crazy Hours V 32 CH D (5N.RG)","1","0","visible","Đồng Hồ Franck Muller Crazy Hours V 32 CH D (5N.RG) hiện đang có mặt tại Empire Luxury với mức giá không thể tốt hơn. Tìm hiểu ngay!","<p>Đồng Hồ Franck Muller Crazy Hours V 32 CH D (5N.RG) là một sản phẩm đồng hồ với lớp vỏ được chế tác từ chất liệu Vàng Hồng 18k xa xỉ, có đường kính 32mm và mặt số dáng tonneau (dạng thùng) được Franck Muller khai thác triệt để trong các thiết kế kinh điển của Vanguard, đem lại một tổng thể hoàn hảo và có độ cong hoàn hảo giúp ôm sát cổ tay chủ nhân. Vành Bezel của đồng hồ được hoàn thiện bằng phương pháp đánh bóng quen thuộc, bộ khung bezel đóng vai trò chính khi được điểm xuyết hàng loạt những viên kim cương Brilliant Cut được chế tác kỳ công, đây chính là điểm nhất đặc biệt cuốn hút của chiếc đồng hồ. Franck Muller sử dụng bộ tia, cọc số Ả Rập chỉ giờ quen thuộc nhưng vẫn không quên cho sự xuất hiện của sắc đỏ rực rỡ tạo nên sự trẻ trung nhưng không kém phần sang trọng. Bên cạnh đó, chiếc đồng hồ được tích hợp dây da cá sấu cao cấp mang tone màu đỏ hết sức thời trang tone-sur-tone với của cọc số. Mặt kính chất liệu Sapphire với khả năng chống sốc và chống xây xước tuyệt vời thể hiện được rõ ràng cỗ máy cơ khí đẹp mắt hoạt động bên dưới.</p>
<p>Bên cạnh đó, Franck Muller Crazy Hours V 32 CH D (5N.RG) còn được trang bị bộ máy Quartz tự động khiến cho phái nữ có thể sử dụng và bảo quản một cách đơn giản nhất và phù hợp nhất.</p>","","1","1","FRANCK MULLER, FRANCK MULLER > Ladies' Collection (V32)","https://empireluxury.vn/wp-content/uploads/2022/04/dong-ho-franck-muller-crazy-hours-v-32-ch-d-5n-rg-7.jpg","Thương hiệu","FRANCK MULLER","1","1","Bộ sưu tập","Ladies' Collection (V32)","1","1"
"V 32 CH D COL DRM (5N.RS)","simple","Đồng Hồ Franck Muller Crazy Hours V 32 CH D COL DRM (5N.RS)","1","0","visible","Đồng Hồ Franck Muller Crazy Hours V 32 CH D COL DRM (5N.RS) hiện đang có mặt tại Empire Luxury với mức giá không thể tốt hơn. Tìm hiểu ngay!","<p>Đồng hồ Franck Muller Crazy Hours V 32 CH D COL DRM (5N.RS) là một sản phẩm đồng hồ với lớp vỏ được chế tác từ chất liệu Vàng Hồng 18k xa xỉ, có đường kính 32mm và mặt số dáng tonneau (dạng thùng) được Franck Muller khai thác triệt để trong các thiết kế kinh điển của Vanguard, đem lại một tổng thể hoàn hảo và có độ cong hoàn hảo giúp ôm sát cổ tay chủ nhân. Vành Bezel của đồng hồ được hoàn thiện bằng phương pháp đánh bóng quen thuộc, bộ khung bezel đem lại sự xa hoa bậc nhất khi khoác lên mình chất liệu Vàng Hồng 18k cùng hàng loạt những viên kim cương đắt giá. Franck Muller sử dụng bộ tia, cọc số Ả Rập chỉ giờ quen thuộc nhưng vẫn không quên cho sự xuất hiện của rainbow colorful đầy ấn tượng và đặc biệt năng động. Bên cạnh đó, chiếc đồng hồ được tích hợp dây da ca sấu cao cấp mang tone màu hồng trẻ trung hết sức đẹp mắt. Mặt kính chất liệu Sapphire với khả năng chống sốc và chống xây xước tuyệt vời thể hiện được rõ ràng cỗ máy cơ khí đẹp mắt hoạt động bên dưới.</p>
<p>Bên cạnh đó, Franck Muller Crazy Hours V 32 CH D COL DRM (5N.RS) còn được trang bị bộ máy Quartz tự động tinh anh có chuyển động ổn định, nhẹ nhàng cùng khả năng báo thời gian với độ chính xác đáng tin cậy.</p>","","1","1","FRANCK MULLER, FRANCK MULLER > Ladies' Collection (V32)","https://empireluxury.vn/wp-content/uploads/2022/04/dong-ho-franck-muller-crazy-hours-v-32-ch-d-col-drm-5n-rs-8.jpg","Thương hiệu","FRANCK MULLER","1","1","Bộ sưu tập","Ladies' Collection (V32)","1","1"
"V 32 CH COL DRM (AC.RS)","simple","Đồng Hồ Franck Muller Crazy Hours V 32 SC AT FO COL DRM (RS)","1","0","visible","Đồng Hồ Franck Muller Crazy Hours V 32 SC AT FO COL DRM (RS) hiện đang có mặt tại Empire Luxury với mức giá không thể tốt hơn. Tìm hiểu ngay!","<p>Đồng hồ Franck Muller Crazy Hours V 32 SC AT FO COL DRM (RS) là một sản phẩm đồng hồ với lớp vỏ được chế tác từ chất liệu Thép không gỉ cao cấp, có đường kính 32mm và mặt số dáng tonneau (dạng thùng) được Franck Muller khai thác triệt để trong các thiết kế kinh điển của Vanguard, đem lại một tổng thể hoàn hảo và có độ cong hoàn hảo giúp ôm sát cổ tay chủ nhân. Vành Bezel của đồng hồ được hoàn thiện bằng phương pháp đánh bóng quen thuộc. Franck Muller sử dụng bộ tia, cọc số Ả Rập chỉ giờ quen thuộc nhưng vẫn không quên cho sự xuất hiện của rainbow colorful đầy ấn tượng và đặc biệt năng động. Đặc biệt, chiếc đồng hồ được tích hợp dây da ca sấu cao cấp mang tone màu hồng trẻ trung hết sức đẹp mắt. Mặt kính chất liệu Sapphire với khả năng chống sốc và chống xây xước tuyệt vời thể hiện được rõ ràng cỗ máy cơ khí đẹp mắt hoạt động bên dưới.</p>
<p>Bên cạnh đó, Franck Muller Crazy Hours V 32 SC AT FO COL DRM (RS) còn được trang bị bộ máy Quartz tự động tinh anh có chuyển động ổn định, nhẹ nhàng cùng khả năng báo thời gian với độ chính xác đáng tin cậy.</p>","","1","1","FRANCK MULLER, FRANCK MULLER > Ladies' Collection (V32)","https://empireluxury.vn/wp-content/uploads/2022/04/dong-ho-franck-muller-crazy-hours-v-32-sc-at-fo-col-drm-rs-7.jpg","Thương hiệu","FRANCK MULLER","1","1","Bộ sưu tập","Ladies' Collection (V32)","1","1"
"V 32 QZ D CD (AC.BU)","simple","Đồng Hồ Franck Muller Ladies Collection V 32 QZ D CD (AC.BU)","1","0","visible","Đồng Hồ Franck Muller Ladies Collection V 32 QZ D CD (AC.BU) hiện đang có mặt tại Empire Luxury với mức giá không thể tốt hơn. Tìm hiểu ngay!","<p>Đồng hồ Franck Muller Ladies Collection V 32 QZ D CD (AC.BU) là một sản phẩm đồng hồ với lớp vỏ được chế tác từ chất liệu Vàng Hồng 18k xa xỉ, có đường kính 32mm và mặt số dáng tonneau (dạng thùng) được Franck Muller khai thác triệt để trong các thiết kế kinh điển của Vanguard, đem lại một tổng thể hoàn hảo và có độ cong hoàn hảo giúp ôm sát cổ tay chủ nhân. Vành Bezel của đồng hồ được hoàn thiện bằng phương pháp đánh bóng quen thuộc, bộ khung bezel đem lại sự xa hoa bậc nhất khi khoác lên mình chiếc áo lộng lẫy với hàng loạt những viên kim cương quý giá trải dài từ vành bezel vào toàn bộ mặt số. Franck Muller sử dụng bộ tia, cọc số Ả Rập chỉ giờ quen thuộc. Đặc biệt, chiếc đồng hồ được tích hợp dây da ca sấu cao cấp mang tone màu xanh năng động phù hợp với cọc số. Mặt kính chất liệu Sapphire với khả năng chống sốc và chống xây xước tuyệt vời thể hiện được rõ ràng cỗ máy cơ khí đẹp mắt hoạt động bên dưới.</p>
<p>Bên cạnh đó, Franck Muller Ladies Collection V 32 QZ D CD (AC.BU) còn được trang bị bộ máy Quartz tự động tinh anh có chuyển động ổn định, nhẹ nhàng cùng khả năng báo thời gian với độ chính xác đáng tin cậy.</p>","","1","1","FRANCK MULLER, FRANCK MULLER > Ladies' Collection (V32)","https://empireluxury.vn/wp-content/uploads/2022/04/dong-ho-franck-muller-ladies-collection-v-32-qz-d-cd-ac-bu-4-2.jpg","Thương hiệu","FRANCK MULLER","1","1","Bộ sưu tập","Ladies' Collection (V32)","1","1"
"V 32 SC AT FO LD CD 1R (5N.NR)","simple","Đồng Hồ Franck Muller Ladies Collection V 32 SC AT FO LD CD 1R (5N.NR)","1","0","visible","Đồng Hồ Franck Muller Ladies Collection V 32 SC AT FO LD CD 1R (5N.NR) hiện đang có mặt tại Empire Luxury với mức giá không thể tốt hơn. Tìm hiểu ngay!","<p>Franck Muller Vanguard V 41 SC DT mang trên mình hình mẫu hiện đại với mặt số kích thước lớn cùng bộ dây đeo tay cao su phủ lớp da cá sấu. Toàn bộ bộ vỏ cùng các chi tiết kim loại đều được đánh bóng theo phương pháp PVD, tạo độ bóng bẩy toàn diện cho chiếc đồng hồ. Bộ khóa đặc biệt của Vanguard V 41 SC DT lần này cũng được chế tác khá lạ mắt, với biểu tượng thương hiệu Franck Muller phía trên.</p>","","1","1","FRANCK MULLER, FRANCK MULLER > Ladies' Collection (V32)","https://empireluxury.vn/wp-content/uploads/2022/04/dong-ho-franck-muller-ladies-collection-v-32-sc-at-fo-ld-cd-1r-5n-nr-8.jpg","Thương hiệu","FRANCK MULLER","1","1","Bộ sưu tập","Ladies' Collection (V32)","1","1"
"5850 MC L","simple","Đồng Hồ Franck Muller Ladies Collection V 32 SC AT FO LD CD 1R (AC.NR)","1","0","visible","Đồng Hồ Franck Muller Ladies Collection V 32 SC AT FO LD CD 1R (AC.NR) hiện đang có mặt tại Empire Luxury với mức giá không thể tốt hơn. Tìm hiểu ngay!","<p><span data-sheets-value=""{&quot;1&quot;:2,&quot;2&quot;:&quot;Franck Muller V 32 SC AT FO LD CD 1R (AC.NR) khoác trên mình “bộ áo giáp” với kích thước 32mm rất vừa vặn cho cả nam và nữ. Chính vì lý do đó mà phiên bản đồng hồ này được xếp vào dòng sản phẩm unisex phù hợp với nhiều đối tượng khách hàng trên thị trường. Nổi bật trong bộ vỏ được làm từ thép không gỉ cực kỳ khỏe khoắn và rắn chắc, tạo tác gây ấn tượng với bề mặt phủ kim cương sáng chói, lấp lánh trên cổ tay chủ nhân.&quot;}"" data-sheets-userformat=""{&quot;2&quot;:513,&quot;3&quot;:{&quot;1&quot;:0},&quot;12&quot;:0}"">Franck Muller V 32 SC AT FO LD CD 1R (AC.NR) khoác trên mình “bộ áo giáp” với kích thước 32mm rất vừa vặn cho cả nam và nữ. Chính vì lý do đó mà phiên bản đồng hồ này được xếp vào dòng sản phẩm unisex phù hợp với nhiều đối tượng khách hàng trên thị trường. Nổi bật trong bộ vỏ được làm từ thép không gỉ cực kỳ khỏe khoắn và rắn chắc, tạo tác gây ấn tượng với bề mặt phủ kim cương sáng chói, lấp lánh trên cổ tay chủ nhân.</span></p>","","1","1","FRANCK MULLER, FRANCK MULLER > Ladies' Collection (V32)","https://empireluxury.vn/wp-content/uploads/2022/04/dong-ho-franck-muller-ladies-collection-v-32-sc-at-fo-ld-cd-1r-ac-nr-6.jpg","Thương hiệu","FRANCK MULLER","1","1","Bộ sưu tập","Ladies' Collection (V32)","1","1"
"V 32 SC AT FO LD COL DRM (AC.RG)","simple","Đồng Hồ Franck Muller Ladies Collection V 32 SC AT FO LD COL DRM (AC.RG)","1","0","visible","Đồng Hồ Franck Muller Ladies Collection V 32 SC AT FO LD COL DRM (AC.RG). Mặt Số Đen hiện đang có mặt tại Empire Luxury với mức giá không thể tốt hơn. Tìm hiểu ngay!","<p>Franck Muller Ladies Collection V 32 SC AT FO LD COL DRM (AC.RG) được nhà sản xuất giữ nguyên kết cấu vỏ dạng tonneau quen thuộc mang vẻ đẹp cân đối và hài hòa. Chất cá tính độc đáo của chiếc đồng hồ nằm ở bộ vỏ được chế tạo từ thép không gỉ đã qua quy trình gia công công phu – Chất liệu đại diện cho vẻ đẹp hiện đại và khỏe khoắn của những người phụ nữ trong thời đại mới.</p>","","1","1","FRANCK MULLER, FRANCK MULLER > Ladies' Collection (V32)","https://empireluxury.vn/wp-content/uploads/2022/04/dong-ho-franck-muller-ladies-collection-v-32-sc-at-fo-ld-col-drm-ac-rg-4.jpg","Thương hiệu","FRANCK MULLER","1","1","Bộ sưu tập","Ladies' Collection (V32)","1","1"
"V32 SC AT FO L COL DRM (5N.RS)","simple","Đồng Hồ Franck Muller Ladies Collection V32 SC AT FO L COL DRM (5N.RS)","1","0","visible","Đồng Hồ Franck Muller Ladies Collection V32 SC AT FO L COL DRM (5N.RS) hiện đang có mặt tại Empire Luxury với mức giá không thể tốt hơn. Tìm hiểu ngay!","<p><span data-sheets-value=""{&quot;1&quot;:2,&quot;2&quot;:&quot;Sự phát triển của thời đại ngày nay, những người phụ nữ năng động, sáng tạo cũng rất cần đến một cỗ máy thời gian ngay trên cổ tay mình. Đáp ứng nhu cầu đó, đã có hàng loạt những dòng đồng hồ dành cho phái nữ ra đời, và điển hình trong đó là V 32 của Franck Muller.&quot;}"" data-sheets-userformat=""{&quot;2&quot;:513,&quot;3&quot;:{&quot;1&quot;:0},&quot;12&quot;:0}"">Sự phát triển của thời đại ngày nay, những người phụ nữ năng động, sáng tạo cũng rất cần đến một cỗ máy thời gian ngay trên cổ tay mình. Đáp ứng nhu cầu đó, đã có hàng loạt những dòng đồng hồ dành cho phái nữ ra đời, và điển hình trong đó là V 32 của Franck Muller.</span></p>","","1","1","FRANCK MULLER, FRANCK MULLER > Ladies' Collection (V32)","https://empireluxury.vn/wp-content/uploads/2022/04/dong-ho-franck-muller-ladies-collection-v32-sc-at-fo-l-col-drm-5n-rs-5.jpg","Thương hiệu","FRANCK MULLER","1","1","Bộ sưu tập","Ladies' Collection (V32)","1","1"
"V 32 SC AT FO LD CD (AC.RG)","simple","Đồng Hồ Franck Muller Ladies Collection V32 SC AT FO LD CD (AC.RG)","1","0","visible","Đồng Hồ Franck Muller Ladies Collection V32 SC AT FO LD CD (AC.RG) hiện đang có mặt tại Empire Luxury với mức giá không thể tốt hơn. Tìm hiểu ngay!","<p>Đồng hồ Franck Muller Ladies Collection V32 SC AT FO LD CD (AC.RG) là một sản phẩm đồng hồ với lớp vỏ được chế tác từ chất liệu Thép không gỉ cao cấp, có đường kính 32mm và mặt số dáng tonneau (dạng thùng) được Franck Muller khai thác triệt để trong các thiết kế kinh điển của Vanguard, đem lại một tổng thể hoàn hảo và có độ cong hoàn hảo giúp ôm sát cổ tay chủ nhân. Vành Bezel của đồng hồ được hoàn thiện bằng phương pháp đánh bóng quen thuộc, bộ khung bezel đem lại sự mãn nhãn khi được nạm đính kim cương trải dài từ vành bezel vào đến toàn bộ mặt số khiến cho tổng thể đồng hồ trở nên vô cùng thu hút. Franck Muller sử dụng bộ tia, cọc số Ả Rập chỉ giờ quen thuộc đi cùng tính năng moonphase (lịch tuần trăng) được thể hiện qua một mặt số phụ với nửa bán cầu là hình ảnh mặt trăng cùng các vì sao được chạm khắc sinh động tựa như hình ảnh bầu trời đêm.. Đặc biệt, chiếc đồng hồ được tích hợp dây da ca sấu cao cấp mang tone đỏ đầy quyến rũ phù hợp với các cọc chỉ số. Mặt kính chất liệu Sapphire với khả năng chống sốc và chống xây xước tuyệt vời thể hiện được rõ ràng cỗ máy cơ khí đẹp mắt hoạt động bên dưới.</p>
<p>Bên cạnh đó, Franck Muller Ladies Collection V32 SC AT FO LD CD (AC.RG) còn được trang bị bộ máy Quartz tự động tinh anh có chuyển động ổn định, nhẹ nhàng cùng khả năng báo thời gian với độ chính xác đáng tin cậy.</p>","","1","1","FRANCK MULLER, FRANCK MULLER > Ladies' Collection (V32)","https://empireluxury.vn/wp-content/uploads/2022/04/dong-ho-franck-muller-ladies-collection-v32-sc-at-fo-ld-cd-ac-rg-8.jpg","Thương hiệu","FRANCK MULLER","1","1","Bộ sưu tập","Ladies' Collection (V32)","1","1"
"den","simple","Đồng Hồ Franck Muller Lady Vanguard V32 Custom Diamonds Cọc Số Đen Dây Đeo Đen","1","0","visible","Đồng Hồ Franck Muller Lady Vanguard V32 Custom Diamonds hiện đang có mặt tại Empire Luxury với mức giá không thể tốt hơn. Tìm hiểu ngay!","<p>Đồng Hồ Franck Muller Lady Vanguard V32 Custom Diamonds Cọc Số Đen Dây Đeo Đen có bộ vỏ được làm bằng Thép không gỉ có độ bền cao và cực kì sáng bóng. Mặt số thiết kế dáng hình thùng (Tonneau) có kích thước 32mm x 42,3mm cùng cọc số Ả Rập phối màu Đen. Vành Bezel được đính kim cương thiên nhiên Custom. Mặt kính Sapphire có khả năng chống phản chiếu và hạn chế trầy xước ở mức tối đa. Đồng hồ sở hữu dây đeo cá sấu phối màu Đỏ với lõi là dây cao su.</p>
<p>Bộ máy vận hành có cả hai sự lưạ chọn cho cả Quartz và Automatic, có khả năng chống nước lên đến 30m. Khoá Clasp được làm bằng chất liêụ Thép không gỉ chống ăn mòn và đặc biệt được đính thêm kim cương lấp lánh.</p>","","1","1","FRANCK MULLER, FRANCK MULLER > Ladies' Collection (V32)","https://empireluxury.vn/wp-content/uploads/2022/05/dong-ho-franck-muller-lady-vanguard-v32-custom-diamonds-coc-so-den-day-deo-den-3.jpg","Thương hiệu","FRANCK MULLER","1","1","Bộ sưu tập","Ladies' Collection (V32)","1","1"
"do","simple","Đồng Hồ Franck Muller Lady Vanguard V32 Custom Diamonds Cọc Số Đỏ Dây Đeo Đỏ","1","0","visible","Đồng Hồ Franck Muller Lady Vanguard V32 Custom Diamonds Cọc Số Đỏ Dây Đeo Đỏ hiện đang có mặt tại Empire Luxury với mức giá không thể tốt hơn. Tìm hiểu ngay!","<p>Đồng Hồ Franck Muller Lady Vanguard V32 Custom Diamonds Cọc Số Đỏ Dây Đeo Đỏ có bộ vỏ được làm bằng Thép không gỉ có độ bền cao và cực kì sáng bóng. Mặt số thiết kế dáng hình thùng (Tonneau) có kích thước 32mm x 42,3mm cùng cọc số Ả Rập phối màu Đỏ. Vành Bezel được đính kim cương thiên nhiên Custom. Mặt kính Sapphire có khả năng chống phản chiếu và hạn chế trầy xước ở mức tối đa. Đồng hồ sở hữu dây đeo cá sấu phối màu Đỏ với lõi là dây cao su.</p>
<p>Bộ máy vận hành có cả hai sự lưạ chọn cho cả Quartz và Automatic, có khả năng chống nước lên đến 30m. Khoá Clasp được làm bằng chất liêụ Thép không gỉ chống ăn mòn và đặc biệt được đính thêm kim cương lấp lánh.</p>","","1","1","FRANCK MULLER, FRANCK MULLER > Ladies' Collection (V32)","https://empireluxury.vn/wp-content/uploads/2022/05/dong-ho-franck-muller-lady-vanguard-v32-custom-diamonds-coc-so-do-day-deo-do-8.jpg","Thương hiệu","FRANCK MULLER","1","1","Bộ sưu tập","Ladies' Collection (V32)","1","1"
"trang","simple","Đồng Hồ Franck Muller Lady Vanguard V32 Custom Diamonds Cọc Số Trắng Dây Đeo Trắng","1","0","visible","Đồng Hồ Franck Muller Lady Vanguard V32 Custom Diamonds Cọc Số Trắng Dây Đeo Trắng hiện đang có mặt tại Empire Luxury với mức giá không thể tốt hơn. Tìm hiểu ngay!","<p>Đồng Hồ Franck Muller Lady Vanguard V32 Custom Diamonds Cọc Số Trắng Dây Đeo Trắng có bộ vỏ được làm bằng Thép không gỉ có độ bền cao và cực kì sáng bóng. Mặt số thiết kế dáng hình thùng (Tonneau) có kích thước 32mm x 42,3mm cùng cọc số Ả Rập phối màu Đỏ. Vành Bezel được đính kim cương thiên nhiên Custom. Mặt kính Sapphire có khả năng chống phản chiếu và hạn chế trầy xước ở mức tối đa. Đồng hồ sở hữu dây đeo cá sấu phối màu Đỏ với lõi là dây cao su.</p>
<p>Bộ máy vận hành có cả hai sự lưạ chọn cho cả Quartz và Automatic, có khả năng chống nước lên đến 30m. Khoá Clasp được làm bằng chất liêụ Thép không gỉ chống ăn mòn và đặc biệt được đính thêm kim cương lấp lánh.</p>","","1","1","FRANCK MULLER, FRANCK MULLER > Ladies' Collection (V32)","https://empireluxury.vn/wp-content/uploads/2022/05/dong-ho-franck-muller-lady-vanguard-v32-custom-diamonds-coc-so-trang-day-deo-trang-7.jpg","Thương hiệu","FRANCK MULLER","1","1","Bộ sưu tập","Ladies' Collection (V32)","1","1"
"do","simple","Đồng Hồ Franck Muller Lady Vanguard V32 Custom Full Diamonds Cọc Số Đỏ Dây Đeo Đỏ","1","0","visible","Đồng Hồ Franck Muller Lady Vanguard V32 Custom Full Diamonds Cọc Số Đỏ Dây Đeo Đỏ hiện đang có mặt tại Empire Luxury với mức giá không thể tốt hơn. Tìm hiểu ngay!","<p>Đồng Hồ Franck Muller Lady Vanguard V32 Custom Full Diamonds Cọc Số Đỏ Dây Đeo Đỏ có bộ vỏ được làm bằng Thép không gỉ có độ bền cao và cực kì sáng bóng. Mặt số thiết kế dáng hình thùng (Tonneau) có kích thước 32mm x 42,3mm cùng cọc số Ả Rập phối màu Đỏ. Mặt Số cùng Vành Bezel được đính kim cương thiên nhiên Custom. Mặt kính Sapphire có khả năng chống phản chiếu và hạn chế trầy xước ở mức tối đa. Đồng hồ sở hữu dây đeo cá sấu phối màu Đỏ với lõi là dây cao su.</p>
<p>Bộ máy vận hành có cả hai sự lưạ chọn cho cả Quartz và Automatic, có khả năng chống nước lên đến 30m. Khoá Clasp được làm bằng chất liêụ Thép không gỉ chống ăn mòn và đặc biệt được đính thêm kim cương lấp lánh.</p>","","1","1","FRANCK MULLER, FRANCK MULLER > Ladies' Collection (V32)","https://empireluxury.vn/wp-content/uploads/2022/05/dong-ho-franck-muller-lady-vanguard-v32-custom-full-diamonds-coc-so-do-day-deo-do-3.jpg","Thương hiệu","FRANCK MULLER","1","1","Bộ sưu tập","Ladies' Collection (V32)","1","1"
"trang","simple","Đồng Hồ Franck Muller Lady Vanguard V32 White Custom Full Diamonds Cọc Số Trắng Dây Đeo Trắng","1","0","visible","Đồng Hồ Franck Muller Lady Vanguard V32 Custom Full Diamonds Cọc Số Trắng Dây Đeo Trắng hiện đang có mặt tại Empire Luxury với mức giá không thể tốt hơn. Tìm hiểu ngay!","<p>Đồng Hồ Franck Muller Lady Vanguard V32 Custom Full Diamonds Cọc Số Trắng Dây Đeo Trắng có bộ vỏ được làm bằng Thép không gỉ có độ bền cao và cực kì sáng bóng. Mặt số thiết kế dáng hình thùng (Tonneau) có kích thước 32mm x 42,3mm cùng cọc số Ả Rập phối màu Đỏ. Mặt số và vành Bezel được đính kim cương thiên nhiên Custom. Mặt kính Sapphire có khả năng chống phản chiếu và hạn chế trầy xước ở mức tối đa. Đồng hồ sở hữu dây đeo cá sấu phối màu Đỏ với lõi là dây cao su.</p>
<p>Bộ máy vận hành có cả hai sự lưạ chọn cho cả Quartz và Automatic, có khả năng chống nước lên đến 30m. Khoá Clasp được làm bằng chất liêụ Thép không gỉ chống ăn mòn và đặc biệt được đính thêm kim cương lấp lánh.</p>","","1","1","FRANCK MULLER, FRANCK MULLER > Ladies' Collection (V32)","https://empireluxury.vn/wp-content/uploads/2022/05/dong-ho-franck-muller-lady-vanguard-v32-custom-full-diamonds-coc-so-trang-day-deo-trang-9-1.jpg","Thương hiệu","FRANCK MULLER","1","1","Bộ sưu tập","Ladies' Collection (V32)","1","1"
"6002 MB QZ COL DRM RD 1R (5N)","simple","Đồng Hồ Franck Muller Master Square 6002 MB QZ COL DRM RD 1R (5N)","1","0","visible","Đồng Hồ Franck Muller Master Square 6002 MB QZ COL DRM RD 1R (5N). Mặt Số Đen hiện đang có mặt tại Empire Luxury với mức giá không thể tốt hơn. Tìm hiểu ngay!","<p><span data-sheets-value=""{&quot;1&quot;:2,&quot;2&quot;:&quot;Đường kính bộ vỏ 32,7mm được đánh giá là không quá lớn trong phân khúc đồng hồ nữ, chưa kể bốn càng nối dây được người thợ Franck Muller tinh gọn lại vô cùng gọn gàng, xinh xắn. Cơ chế núm vặn chỉnh giờ cũng được làm từ vàng hồng, khía rãnh đều đặn và nằm ở góc 3 giờ như một điểm nhấn tinh tế. Chính bởi vậy mà chiếc đồng hồ này luôn là gợi ý hoàn hảo dành cho mọi quý cô Việt đang tìm kiếm món trang sức yêu thích.&quot;}"" data-sheets-userformat=""{&quot;2&quot;:513,&quot;3&quot;:{&quot;1&quot;:0},&quot;12&quot;:0}"">Đường kính bộ vỏ 32,7mm được đánh giá là không quá lớn trong phân khúc đồng hồ nữ, chưa kể bốn càng nối dây được người thợ Franck Muller tinh gọn lại vô cùng gọn gàng, xinh xắn. Cơ chế núm vặn chỉnh giờ cũng được làm từ vàng hồng, khía rãnh đều đặn và nằm ở góc 3 giờ như một điểm nhấn tinh tế. Chính bởi vậy mà chiếc đồng hồ này luôn là gợi ý hoàn hảo dành cho mọi quý cô Việt đang tìm kiếm món trang sức yêu thích.</span></p>","","1","1","FRANCK MULLER, FRANCK MULLER > Ladies' Collection (V32)","https://empireluxury.vn/wp-content/uploads/2022/04/dong-ho-franck-muller-master-square-6002-mb-qz-col-drm-rd-1r-5n-9-1.jpg","Thương hiệu","FRANCK MULLER","1","1","Bộ sưu tập","Ladies' Collection (V32)","1","1"
"V 32 QZ D AC RG","simple","Đồng Hồ Franck Muller Vanguard Lady V 32 QZ D AC RG","1","0","visible","Đồng Hồ Franck Muller Vanguard Lady V 32 QZ D AC RG hiện đang có mặt tại Empire Luxury với mức giá không thể tốt hơn. Tìm hiểu ngay!","<p><span data-sheets-value=""{&quot;1&quot;:2,&quot;2&quot;:&quot;Đồng hồ Franck Muller Vanguard V 35 Qz D Cd (Ac.Rg) là mẫu đồng hồ đến từ thương hiệu Franck Muller dành cho các quý cô sang trọng. Chiếc đồng hồ sử dụng bộ máy Quartz có độ chính xác cao, mỏng nhẹ.Chất liệu vỏ được chế tác từ thép có độ bền cao và vẻ ngoài lịch lãm.Đồng hồ được trang bị dây da làm từ chất liệu cao cấp, hoàn thiện tốt, ôm gọn vào tay người đeo.Chất liệu kính làm từ Sapphire đem lại khả năng chống xước, lóa tuyệt vời.&quot;}"" data-sheets-userformat=""{&quot;2&quot;:513,&quot;3&quot;:{&quot;1&quot;:0},&quot;12&quot;:0}"">Đồng hồ Franck Muller Vanguard V 35 Qz D Cd (Ac.Rg) là mẫu đồng hồ đến từ thương hiệu Franck Muller dành cho các quý cô sang trọng. Chiếc đồng hồ sử dụng bộ máy Quartz có độ chính xác cao, mỏng nhẹ.Chất liệu vỏ được chế tác từ thép có độ bền cao và vẻ ngoài lịch lãm.Đồng hồ được trang bị dây da làm từ chất liệu cao cấp, hoàn thiện tốt, ôm gọn vào tay người đeo.Chất liệu kính làm từ Sapphire đem lại khả năng chống xước, lóa tuyệt vời.</span></p>","","1","1","FRANCK MULLER, FRANCK MULLER > Ladies' Collection (V32)","https://empireluxury.vn/wp-content/uploads/2022/04/dong-ho-franck-muller-vanguard-lady-v-32-qz-d-ac-rg-4.jpg","Thương hiệu","FRANCK MULLER","1","1","Bộ sưu tập","Ladies' Collection (V32)","1","1"
"V 32 CH D (AC.NR)","simple","Đồng Hồ Franck Muller Vanguard V 32 CH D (AC.NR)","1","0","visible","Đồng Hồ Franck Muller Vanguard V 32 CH D (AC.NR) hiện đang có mặt tại Empire Luxury với mức giá không thể tốt hơn. Tìm hiểu ngay!","<p>Đồng hồ Franck Muller Vanguard V 32 CH D (AC.NR) là một sản phẩm đồng hồ với lớp vỏ được chế tác từ chất liệu Thép không gỉ cao cấp, có đường kính 29mm và mặt số dáng tonneau (dạng thùng) được Franck Muller khai thác triệt để trong các thiết kế kinh điển của Vanguard, đem lại một tổng thể hoàn hảo và có độ cong hoàn hảo giúp ôm sát cổ tay chủ nhân. Vành Bezel của đồng hồ được hoàn thiện bằng phương pháp đánh bóng quen thuộc, bộ khung bezel đem lại sự xa hoa bậc nhất khi khoác lên mình chiếc áo lộng lẫy với hàng loạt những viên kim cương quý giá kết hợp với hệ thống cọc chỉ giờ là 12 chữ số Arabic màu đen đính nổi được sắp xếp phi logic theo dõi qua bộ kim hình lá bằng thép nhuộm trắng ở trung tâm khiến mặt số tăng thêm phần mới lạ và kích thích sự tò mò. Mặt kính chất liệu Sapphire với khả năng chống sốc và chống xây xước tuyệt vời thể hiện được rõ ràng cỗ máy cơ khí đẹp mắt hoạt động bên dưới.</p>
<p>Bên cạnh đó, Franck Muller Vanguard V 32 CH D (AC.NR) còn được trang bị bộ máy Quartz tự động tinh anh có chuyển động ổn định, nhẹ nhàng cùng khả năng báo thời gian với độ chính xác đáng tin cậy.</p>","","1","1","FRANCK MULLER, FRANCK MULLER > Ladies' Collection (V32)","https://empireluxury.vn/wp-content/uploads/2022/04/dong-ho-franck-muller-vanguard-v-32-ch-d-ac-nr-8.jpg","Thương hiệu","FRANCK MULLER","1","1","Bộ sưu tập","Ladies' Collection (V32)","1","1"
"V 32 QZ (5N.VL)","simple","Đồng Hồ Franck Muller Vanguard V 32 QZ (5N.VL)","1","0","visible","Đồng Hồ Franck Muller Vanguard V 32 QZ (5N.VL). Mặt Số Đen hiện đang có mặt tại Empire Luxury với mức giá không thể tốt hơn. Tìm hiểu ngay!","<p><span data-sheets-value=""{&quot;1&quot;:2,&quot;2&quot;:&quot;Vỏ bằng vàng hồng 18kt với dây đeo bằng da cá sấu màu tím. Đã cố định gờ bằng vàng hồng 18kt. Mặt số màu trắng với các kim hình chiếc lá tông màu vàng và các vạch chỉ giờ bằng chữ số Ả Rập&quot;}"" data-sheets-userformat=""{&quot;2&quot;:513,&quot;3&quot;:{&quot;1&quot;:0},&quot;12&quot;:0}"">Vỏ bằng vàng hồng 18kt với dây đeo bằng da cá sấu màu tím. Đã cố định gờ bằng vàng hồng 18kt. Mặt số màu trắng với các kim hình chiếc lá tông màu vàng và các vạch chỉ giờ bằng chữ số Ả Rập</span></p>","","1","1","FRANCK MULLER, FRANCK MULLER > Ladies' Collection (V32)","https://empireluxury.vn/wp-content/uploads/2022/04/dong-ho-franck-muller-vanguard-v-32-qz-5n-vl-1.jpg","Thương hiệu","FRANCK MULLER","1","1","Bộ sưu tập","Ladies' Collection (V32)","1","1"
"V 32 QZ (AC.VL)","simple","Đồng Hồ Franck Muller Vanguard V 32 QZ (AC.VL)","1","0","visible","Đồng Hồ Franck Muller Vanguard V 32 QZ (AC.VL) hiện đang có mặt tại Empire Luxury với mức giá không thể tốt hơn. Tìm hiểu ngay!","<p>Đồng Hồ Franck Muller Vanguard V 32 QZ (AC.VL) là một sản phẩm đồng hồ với lớp vỏ được chế tác từ chất liệu Thép không gỉ cao cấp, có đường kính 32mm và mặt số dáng tonneau (dạng thùng) được Franck Muller khai thác triệt để trong các thiết kế kinh điển của Vanguard, đem lại một tổng thể hoàn hảo và có độ cong hoàn hảo giúp ôm sát cổ tay chủ nhân. Vành Bezel của đồng hồ được hoàn thiện bằng phương pháp đánh bóng quen thuộc, bộ khung bezel đem lại sự chỉnh chu và tỉ mỉ trong từng chi tiết. Franck Muller sử dụng bộ tia, cọc số Ả Rập chỉ giờ quen thuộc nhưng vẫn không quên cho sự xuất hiện của các cọc phút với kích thước nhỏ ở phần rìa tạo nên sự độc đáo và trẻ trung. Bên cạnh đó, chiếc đồng hồ được tích hợp dây da cá sấu cao cấp mang tone màu tím nhạt hết sức thời trang tone-sur-tone với đường viền của cọc số. Mặt kính chất liệu Sapphire với khả năng chống sốc và chống xây xước tuyệt vời thể hiện được rõ ràng cỗ máy cơ khí đẹp mắt hoạt động bên dưới.</p>
<p>Bên cạnh đó, Franck Muller Vanguard V 32 QZ (AC.VL) còn được trang bị bộ máy Quartz tự động khiến cho phái nữ có thể sử dụng và bảo quản một cách đơn giản nhất và phù hợp nhất.</p>","","1","1","FRANCK MULLER, FRANCK MULLER > Ladies' Collection (V32)","https://empireluxury.vn/wp-content/uploads/2022/04/dong-ho-franck-muller-vanguard-v-32-qz-ac-vl-5-1.jpg","Thương hiệu","FRANCK MULLER","1","1","Bộ sưu tập","Ladies' Collection (V32)","1","1"
"V 32 QZ D (5N.VL)","simple","Đồng Hồ Franck Muller Vanguard V 32 QZ D (5N.VL)","1","0","visible","Đồng Hồ Franck Muller Vanguard V 32 QZ D (5N.VL) hiện đang có mặt tại Empire Luxury với mức giá không thể tốt hơn. Tìm hiểu ngay!","<p>Đồng hồ Franck Muller Vanguard V 32 QZ D (5N.VL) là một sản phẩm đồng hồ với lớp vỏ được chế tác từ chất liệu Vàng Hồng 18k xa xỉ, có đường kính 32mm và mặt số dáng tonneau (dạng thùng) được Franck Muller khai thác triệt để trong các thiết kế kinh điển của Vanguard, đem lại một tổng thể hoàn hảo và có độ cong hoàn hảo giúp ôm sát cổ tay chủ nhân. Vành Bezel của đồng hồ được hoàn thiện bằng phương pháp đánh bóng quen thuộc, bộ khung bezel đem lại sự xa hoa bậc nhất khi khoác lên mình chiếc áo lộng lẫy với hàng loạt những viên kim cương quý giá trải dài từ vành bezel vào toàn bộ mặt số. Franck Muller sử dụng bộ tia, cọc số Ả Rập chỉ giờ quen thuộc. Đặc biệt, chiếc đồng hồ được tích hợp dây da ca sấu cao cấp mang tone màu tím nhạt trẻ trung và phù hợp với phần viền chữ số. Mặt kính chất liệu Sapphire với khả năng chống sốc và chống xây xước tuyệt vời thể hiện được rõ ràng cỗ máy cơ khí đẹp mắt hoạt động bên dưới.</p>
<p>Bên cạnh đó, Franck Muller Vanguard V 32 QZ D (5N.VL) còn được trang bị bộ máy Quartz tự động tinh anh có chuyển động ổn định, nhẹ nhàng cùng khả năng báo thời gian với độ chính xác đáng tin cậy.</p>","","1","1","FRANCK MULLER, FRANCK MULLER > Ladies' Collection (V32)","https://empireluxury.vn/wp-content/uploads/2022/04/dong-ho-franck-muller-vanguard-v-32-qz-d-5n-vl-5.jpg","Thương hiệu","FRANCK MULLER","1","1","Bộ sưu tập","Ladies' Collection (V32)","1","1"
"V 32 QZ D (AC.NR)","simple","Đồng Hồ Franck Muller Vanguard V 32 QZ D (AC.NR)","1","0","visible","Đồng Hồ Franck Muller Vanguard V 32 QZ D (AC.NR) hiện đang có mặt tại Empire Luxury với mức giá không thể tốt hơn. Tìm hiểu ngay!","<p>Đồng hồ Franck Muller Vanguard V 32 QZ D (AC.NR) là một sản phẩm đồng hồ với lớp vỏ được chế tác từ chất liệu Vàng Hồng 18k, có đường kính 32mm và mặt số dáng tonneau (dạng thùng) được Franck Muller khai thác triệt để trong các thiết kế kinh điển của Vanguard, đem lại một tổng thể hoàn hảo và có độ cong hoàn hảo giúp ôm sát cổ tay chủ nhân. Vành Bezel của đồng hồ được hoàn thiện bằng phương pháp đánh bóng quen thuộc, bộ khung bezel đem lại sự mãn nhãn khi được nạm đính kim cương trải dài từ vành bezel vào đến toàn bộ mặt số khiến cho tổng thể đồng hồ trở nên vô cùng thu hút. Franck Muller sử dụng bộ tia, cọc số Ả Rập chỉ giờ quen thuộc đi cùng chiếc đồng hồ được tích hợp dây da ca sấu cao cấp mang tone màu đen huyền bí nữ tính phù hợp với các cọc chỉ số. Mặt kính chất liệu Sapphire với khả năng chống sốc và chống xây xước tuyệt vời thể hiện được rõ ràng cỗ máy cơ khí đẹp mắt hoạt động bên dưới.</p>
<p>Bên cạnh đó, Franck Muller Vanguard V 32 QZ D (AC.NR) còn được trang bị bộ máy Quartz tự động tinh anh có chuyển động ổn định, nhẹ nhàng cùng khả năng báo thời gian với độ chính xác đáng tin cậy.</p>","","1","1","FRANCK MULLER, FRANCK MULLER > Ladies' Collection (V32)","https://empireluxury.vn/wp-content/uploads/2022/04/dong-ho-franck-muller-vanguard-v-32-qz-d-ac-nr-7.jpg","Thương hiệu","FRANCK MULLER","1","1","Bộ sưu tập","Ladies' Collection (V32)","1","1"
"V 32 QZ D (AC.RG)","simple","Đồng Hồ Franck Muller Vanguard V 32 QZ D (AC.RG)","1","0","visible","Đồng Hồ Franck Muller Vanguard V32 QZ D (AC.RG) hiện đang có mặt tại Empire Luxury với mức giá không thể tốt hơn. Tìm hiểu ngay!","<p><span data-sheets-value=""{&quot;1&quot;:2,&quot;2&quot;:&quot;Là một trong những thương hiệu liên tục ra mắt công chúng các mẫu đồng hồ vỏ thép không gỉ, Franck Muller tiếp tục biến tấu thiết kế đặc trưng của mình qua mẫu đồng hồ Franck Muller Vanguard V 32 QZ D (AC.RG) nạm kim cương dây đeo tay màu đỏ.&quot;}"" data-sheets-userformat=""{&quot;2&quot;:513,&quot;3&quot;:{&quot;1&quot;:0},&quot;12&quot;:0}"">Là một trong những thương hiệu liên tục ra mắt công chúng các mẫu đồng hồ vỏ thép không gỉ, Franck Muller tiếp tục biến tấu thiết kế đặc trưng của mình qua mẫu đồng hồ Franck Muller Vanguard V 32 QZ D (AC.RG) nạm kim cương dây đeo tay màu đỏ.</span></p>","","1","1","FRANCK MULLER, FRANCK MULLER > Ladies' Collection (V32)","https://empireluxury.vn/wp-content/uploads/2022/04/dong-ho-franck-muller-vanguard-v-32-qz-d-ac-rg-3.jpg","Thương hiệu","FRANCK MULLER","1","1","Bộ sưu tập","Ladies' Collection (V32)","1","1"
"V 32 QZ D (AC.VL)","simple","Đồng Hồ Franck Muller Vanguard V 32 QZ D (AC.VL)","1","0","visible","Đồng Hồ Franck Muller Vanguard V 32 QZ D (AC.VL) hiện đang có mặt tại Empire Luxury với mức giá không thể tốt hơn. Tìm hiểu ngay!","<p>Đồng hồ Franck Muller Vanguard V 32 QZ D (AC.VL) là một sản phẩm đồng hồ với lớp vỏ được chế tác từ chất liệu Thép không gỉ cao cấp, có đường kính 32mm và mặt số dáng tonneau (dạng thùng) được Franck Muller khai thác triệt để trong các thiết kế kinh điển của Vanguard, đem lại một tổng thể hoàn hảo và có độ cong hoàn hảo giúp ôm sát cổ tay chủ nhân. Vành Bezel của đồng hồ được hoàn thiện bằng phương pháp đánh bóng quen thuộc, bộ khung bezel đem lại sự chỉnh chu và tỉ mỉ trong từng chi tiết. Franck Muller sử dụng bộ tia, cọc số Ả Rập chỉ giờ quen thuộc nhưng vẫn không quên cho sự xuất hiện của các cọc phút với kích thước nhỏ ở phần rìa tạo nên sự độc đáo và trẻ trung. Bên cạnh đó, chiếc đồng hồ được tích hợp dây da cá sấu cao cấp mang tone màu tím nhạt hết sức thời trang tone-sur-tone với đường viền của cọc số. Mặt kính chất liệu Sapphire với khả năng chống sốc và chống xây xước tuyệt vời thể hiện được rõ ràng cỗ máy cơ khí đẹp mắt hoạt động bên dưới.</p>
<p>Bên cạnh đó, Franck Muller Vanguard V 32 QZ D (AC.VL) còn được trang bị bộ máy Quartz tự động khiến cho phái nữ có thể sử dụng và bảo quản một cách đơn giản nhất và phù hợp nhất.</p>","","1","1","FRANCK MULLER, FRANCK MULLER > Ladies' Collection (V32)","https://empireluxury.vn/wp-content/uploads/2022/04/dong-ho-franck-muller-vanguard-v-32-qz-d-ac-vl-7.jpg","Thương hiệu","FRANCK MULLER","1","1","Bộ sưu tập","Ladies' Collection (V32)","1","1"
"V 32 QZ D CD (AC.NR)","simple","Đồng Hồ Franck Muller Vanguard V 32 QZ D CD (AC.NR)","1","0","visible","Đồng Hồ Franck Muller Vanguard V 32 QZ D CD (AC.NR) hiện đang có mặt tại Empire Luxury với mức giá không thể tốt hơn. Tìm hiểu ngay!","<p>Đồng Hồ Franck Muller Vanguard V 32 QZ D CD (AC.NR) là một sản phẩm đồng hồ với lớp vỏ được chế tác từ chất liệu Thép không gỉ cao cấp, có đường kính 32mm và mặt số dáng tonneau (dạng thùng) được Franck Muller khai thác triệt để trong các thiết kế kinh điển của Vanguard, đem lại một tổng thể hoàn hảo và có độ cong hoàn hảo giúp ôm sát cổ tay chủ nhân. Vành Bezel của đồng hồ được hoàn thiện bằng phương pháp đánh bóng quen thuộc, bộ khung bezel đem lại sự xa hoa bậc nhất khi khoác lên mình hàng trăm viên kim cương Brilliant Cut thu hút mọi ánh nhìn. Franck Muller sử dụng bộ tia, cọc số Ả Rập chỉ giờ quen thuộc nhưng vẫn không quên cho sự xuất hiện của hàng loạt viên kim cương được nạm đính chắc chắn cả tổng thể mặt số, tạo nên một cái nhìn xa hoa và đặc biệt thu hút. Đặc biệt, chiếc đồng hồ được tích hợp dây da ca sấu cao cấp mang tone màu đen huyền bí hết sức đẹp mắt. Mặt kính chất liệu Sapphire với khả năng chống sốc và chống xây xước tuyệt vời thể hiện được rõ ràng cỗ máy cơ khí đẹp mắt hoạt động bên dưới.</p>
<p>Bên cạnh đó, Franck Muller Vanguard V 32 QZ D CD (AC.NR) còn được trang bị bộ máy Quartz tự động tinh anh có chuyển động ổn định, nhẹ nhàng cùng khả năng báo thời gian với độ chính xác đáng tin cậy.</p>","","1","1","FRANCK MULLER, FRANCK MULLER > Ladies' Collection (V32)","https://empireluxury.vn/wp-content/uploads/2022/04/dong-ho-franck-muller-vanguard-v-32-qz-d-cd-ac-nr-7.jpg","Thương hiệu","FRANCK MULLER","1","1","Bộ sưu tập","Ladies' Collection (V32)","1","1"
"V 32 QZ D CD COL DRM (AC.RS)","simple","Đồng Hồ Franck Muller Vanguard V 32 QZ D CD COL DRM (AC.RS)","1","0","visible","Đồng Hồ Franck Muller Vanguard V 32 QZ D CD COL DRM (AC.RS) hiện đang có mặt tại Empire Luxury với mức giá không thể tốt hơn. Tìm hiểu ngay!","<p><span data-sheets-value=""{&quot;1&quot;:2,&quot;2&quot;:&quot;Với phiên bản Franck Muller Vanguard V 32 QZ D CD COL DRM (AC.RS), bộ vỏ Cintree Curvex được chế tác từ thép không gỉ khá giản dị. Tuy nhiên, bên trên đó lại là những viên kim cương lấp lánh và cực kỳ nổi bật. Có tới hàng trăm viên kim cương Brilliant Cut được đính trên bộ vỏ thép, chừa ra lớp lót màu hồng ở cạnh đồng hồ.&quot;}"" data-sheets-userformat=""{&quot;2&quot;:513,&quot;3&quot;:{&quot;1&quot;:0},&quot;12&quot;:0}"">Với phiên bản Franck Muller Vanguard V 32 QZ D CD COL DRM (AC.RS), bộ vỏ Cintree Curvex được chế tác từ thép không gỉ khá giản dị. Tuy nhiên, bên trên đó lại là những viên kim cương lấp lánh và cực kỳ nổi bật. Có tới hàng trăm viên kim cương Brilliant Cut được đính trên bộ vỏ thép, chừa ra lớp lót màu hồng ở cạnh đồng hồ.</span></p>","","1","1","FRANCK MULLER, FRANCK MULLER > Ladies' Collection (V32)","https://empireluxury.vn/wp-content/uploads/2022/04/dong-ho-franck-muller-vanguard-v-32-qz-d-cd-col-drm-ac-rs-6-1.jpg","Thương hiệu","FRANCK MULLER","1","1","Bộ sưu tập","Ladies' Collection (V32)","1","1"
"V 32 SC AT FO (AC.BU)","simple","Đồng Hồ Franck Muller Vanguard V 32 SC AT FO (AC.BU)","1","0","visible","Đồng Hồ Franck Muller Vanguard V 32 SC AT FO (AC.BU) hiện đang có mặt tại Empire Luxury với mức giá không thể tốt hơn. Tìm hiểu ngay!","<p>Đồng hồ Franck Muller Vanguard V 32 SC AT FO (AC.BU) là một sản phẩm đồng hồ với lớp vỏ được chế tác từ chất liệu Thép không gỉ cao cấp, có đường kính 32mm và mặt số dáng tonneau (dạng thùng) được Franck Muller khai thác triệt để trong các thiết kế kinh điển của Vanguard, đem lại một tổng thể hoàn hảo và có độ cong hoàn hảo giúp ôm sát cổ tay chủ nhân. Vành Bezel của đồng hồ được hoàn thiện bằng phương pháp đánh bóng quen thuộc, bộ khung bezel đem lại sự mãn nhãn khi không cần đến sự lấp lánh của kim cương nhưng vẫn trở nên vô cùng thu hút. Franck Muller sử dụng bộ tia, cọc số Ả Rập chỉ giờ quen thuộc. Đặc biệt, chiếc đồng hồ được tích hợp dây da ca sấu cao cấp mang tone màu xanh thiên tím nữ tính và phù hợp với phần viền chữ số. Mặt kính chất liệu Sapphire với khả năng chống sốc và chống xây xước tuyệt vời thể hiện được rõ ràng cỗ máy cơ khí đẹp mắt hoạt động bên dưới.</p>
<p>Bên cạnh đó, Franck Muller Vanguard V 32 SC AT FO (AC.BU) còn được trang bị bộ máy Quartz tự động tinh anh có chuyển động ổn định, nhẹ nhàng cùng khả năng báo thời gian với độ chính xác đáng tin cậy.</p>","","1","1","FRANCK MULLER, FRANCK MULLER > Ladies' Collection (V32)","https://empireluxury.vn/wp-content/uploads/2022/04/dong-ho-franck-muller-vanguard-v-32-sc-at-fo-ac-bu-2.jpg","Thương hiệu","FRANCK MULLER","1","1","Bộ sưu tập","Ladies' Collection (V32)","1","1"
"V 32 SC AT FO (AC.RG)","simple","Đồng Hồ Franck Muller Vanguard V 32 SC AT FO (AC.RG)","1","0","visible","Đồng Hồ Franck Muller Vanguard V 32 SC AT FO (AC.RG) hiện đang có mặt tại Empire Luxury với mức giá không thể tốt hơn. Tìm hiểu ngay!","<p>Đồng hồ Franck Muller Vanguard V 32 SC AT FO (AC.RG) là một sản phẩm đồng hồ với lớp vỏ được chế tác từ chất liệu Thép không gỉ cao cấp, có đường kính 32mm và mặt số dáng tonneau (dạng thùng) được Franck Muller khai thác triệt để trong các thiết kế kinh điển của Vanguard, đem lại một tổng thể hoàn hảo và có độ cong hoàn hảo giúp ôm sát cổ tay chủ nhân. Vành Bezel của đồng hồ được hoàn thiện bằng phương pháp đánh bóng quen thuộc, bộ khung bezel đem lại sự mãn nhãn khi không cần đến sự lấp lánh của kim cương nhưng vẫn trở nên vô cùng thu hút. Franck Muller sử dụng bộ tia, cọc số Ả Rập chỉ giờ quen thuộc. Đặc biệt, chiếc đồng hồ được tích hợp dây da ca sấu cao cấp mang tone màu đỏ quyến rũ và phù hợp với phần viền chữ số. Mặt kính chất liệu Sapphire với khả năng chống sốc và chống xây xước tuyệt vời thể hiện được rõ ràng cỗ máy cơ khí đẹp mắt hoạt động bên dưới.</p>
<p>Bên cạnh đó, Franck Muller Vanguard V 32 SC AT FO (AC.RG) còn được trang bị bộ máy Quartz tự động tinh anh có chuyển động ổn định, nhẹ nhàng cùng khả năng báo thời gian với độ chính xác đáng tin cậy.</p>","","1","1","FRANCK MULLER, FRANCK MULLER > Ladies' Collection (V32)","https://empireluxury.vn/wp-content/uploads/2022/04/dong-ho-franck-muller-vanguard-v-32-sc-at-fo-ac-rg-9.jpg","Thương hiệu","FRANCK MULLER","1","1","Bộ sưu tập","Ladies' Collection (V32)","1","1"
"V 32 SC AT FO COL DRM (5N.BC)","simple","Đồng Hồ Franck Muller Vanguard V 32 SC AT FO COL DRM (5N.BC)","1","0","visible","Đồng Hồ Franck Muller Vanguard V 32 SC AT FO COL DRM (5N.BC) hiện đang có mặt tại Empire Luxury với mức giá không thể tốt hơn. Tìm hiểu ngay!","<p>Đồng hồ Franck Muller Vanguard V 32 SC AT FO COL DRM (5N.BC) là một sản phẩm đồng hồ với lớp vỏ được chế tác từ chất liệu Vàng Hồng 18k xa xỉ, có đường kính 32mm và mặt số dáng tonneau (dạng thùng) được Franck Muller khai thác triệt để trong các thiết kế kinh điển của Vanguard, đem lại một tổng thể hoàn hảo và có độ cong hoàn hảo giúp ôm sát cổ tay chủ nhân. Vành Bezel của đồng hồ được hoàn thiện bằng phương pháp đánh bóng quen thuộc, bộ khung bezel đem lại sự xa hoa bậc nhất khi khoác lên mình chất liệu Vàng Hồng 18k. Franck Muller sử dụng bộ tia, cọc số Ả Rập chỉ giờ quen thuộc nhưng vẫn không quên cho sự xuất hiện của rainbow colorful đầy ấn tượng và đặc biệt năng động. Bên cạnh đó, chiếc đồng hồ được tích hợp dây da ca sấu cao cấp mang tone màu trắng trẻ trung hết sức đẹp mắt. Mặt kính chất liệu Sapphire với khả năng chống sốc và chống xây xước tuyệt vời thể hiện được rõ ràng cỗ máy cơ khí đẹp mắt hoạt động bên dưới.</p>
<p>Bên cạnh đó, Franck Muller Vanguard V 32 SC AT FO COL DRM (5N.BC) còn được trang bị bộ máy Quartz tự động tinh anh có chuyển động ổn định, nhẹ nhàng cùng khả năng báo thời gian với độ chính xác đáng tin cậy.</p>","","1","1","FRANCK MULLER, FRANCK MULLER > Ladies' Collection (V32)","https://empireluxury.vn/wp-content/uploads/2022/04/dong-ho-franck-muller-vanguard-v-32-sc-at-fo-col-drm-5n-bc-5.jpg","Thương hiệu","FRANCK MULLER","1","1","Bộ sưu tập","Ladies' Collection (V32)","1","1"
"V 32 SC AT FO COL DRM D CD (AC.BC)","simple","Đồng Hồ Franck Muller Vanguard V 32 SC AT FO COL DRM D CD (AC.BC)","1","0","visible","Đồng Hồ Franck Muller Vanguard V 32 SC AT FO COL DRM D CD (AC.BC). Mặt Số Đen hiện đang có mặt tại Empire Luxury với mức giá không thể tốt hơn. Tìm hiểu ngay!","<p>Vanguard ™ Lady – một phong cách nữ tính mới, mang đặc điểm của sự năng động và duyên dáng. Mặt đồng hồ với mốc chỉ thời gian là các chữ số màu khác biệt, tô điểm thêm màu sắc cho mặt số hoạ tiết sun-stamped, tăng cường nét độc đáo và hài hoà với thiết kế thể thao và cấu trúc táo bạo của khung vỏ. Được hoàn thiện thêm bởi đường nét thời trang bên hông vỏ, rất trang nhã và phù hợp với màu sắc của dây đeo cho một thẩm mỹ tinh tế nhất. Dây đeo bằng da với các mũi khâu màu nữ tính, nhấn mạnh sự hài hòa trong bản phối sắc màu. Kết hợp cùng bộ máy sử dụng pin thạch anh hoặc tự động. Đồng hồ nữ Vanguard trình làng với các phiên bản bằng thép hoặc vàng hồng.</p>","","1","1","FRANCK MULLER, FRANCK MULLER > Ladies' Collection (V32)","https://empireluxury.vn/wp-content/uploads/2022/04/dong-ho-franck-muller-vanguard-v-32-sc-at-fo-col-drm-d-cd-ac-bc-3-1.jpg","Thương hiệu","FRANCK MULLER","1","1","Bộ sưu tập","Ladies' Collection (V32)","1","1"
"V 32 SC AT FO D (5N.VL)","simple","Đồng Hồ Franck Muller Vanguard V 32 SC AT FO D (5N.VL)","1","0","visible","Đồng Hồ Franck Muller Vanguard V 32 SC AT FO D (5N.VL). Mặt Số Đen hiện đang có mặt tại Empire Luxury với mức giá không thể tốt hơn. Tìm hiểu ngay!","<p>Có đường kính 32mm và dày 9,9mmm, phiên bản Franck Muller Vanguard V 32 SC AT FO D (5N.VL) mê hoặc công chúng qua bộ vỏ khung nạm kim cương sáng chói, lộng lẫy dưới ánh Mặt Trời. Khéo léo và tỉ mỉ, những người thợ kim hoàn nhà Franck Muller đã tiến hành tuyển chọn, gia công và đặt từng viên kim cương tròn trịa lên vị trí định sẵn trên lớp vỏ vàng tạo ra những hàng kim cương đều đặn, thẳng tắp và tỏa sáng hoàn hảo nhất.</p>","","1","1","FRANCK MULLER, FRANCK MULLER > Ladies' Collection (V32)","https://empireluxury.vn/wp-content/uploads/2022/04/dong-ho-franck-muller-vanguard-v-32-sc-at-fo-d-5n-vl-9-1.jpg","Thương hiệu","FRANCK MULLER","1","1","Bộ sưu tập","Ladies' Collection (V32)","1","1"
"V 32 SC AT FO D (AC.NR)","simple","Đồng Hồ Franck Muller Vanguard V 32 SC AT FO D (AC.NR)","1","0","visible","Đồng Hồ Franck Muller Vanguard V 32 SC AT FO D (AC.NR). Mặt Số Đen hiện đang có mặt tại Empire Luxury với mức giá không thể tốt hơn. Tìm hiểu ngay!","<p>Đồng Hồ Franck Muller Vanguard V 32 SC AT FO D (AC.NR) GỌI ĐỂ MUA HÀNG 0828 136 136 NHẮN TIN / MẠNG XÃ HỘI Hãy nhắn tin hoặc kết nối qua các kênh mạng xã hội để được tư vấn thêm. Giá sẽ thay đổi theo thời điểm mua hàng Chính sách mua hàng, […]</p>","","1","1","FRANCK MULLER, FRANCK MULLER > Ladies' Collection (V32)","https://empireluxury.vn/wp-content/uploads/2022/04/dong-ho-franck-muller-vanguard-v-32-sc-at-fo-d-ac-nr-6.jpg","Thương hiệu","FRANCK MULLER","1","1","Bộ sưu tập","Ladies' Collection (V32)","1","1"
"V 32 SC AT FO D (AC.NR)","simple","Đồng Hồ Franck Muller Vanguard V 32 SC AT FO D (AC.NR) WHITE","1","0","visible","Đồng Hồ Franck Muller Vanguard V 32 SC AT FO D (AC.NR) WHITE hiện đang có mặt tại Empire Luxury với mức giá không thể tốt hơn. Tìm hiểu ngay!","<p>Đồng hồ Franck Muller Vanguard V 32 SC AT FO D (AC.NR) WHITE là một sản phẩm đồng hồ với lớp vỏ được chế tác từ chất liệu Thép không gỉ cao cấp, có đường kính 32mm và mặt số dáng tonneau (dạng thùng) được Franck Muller khai thác triệt để trong các thiết kế kinh điển của Vanguard, đem lại một tổng thể hoàn hảo và có độ cong hoàn hảo giúp ôm sát cổ tay chủ nhân. Vành Bezel của đồng hồ được hoàn thiện bằng phương pháp đánh bóng quen thuộc, bộ khung bezel đem lại sự xa hoa bậc nhất khi khoác lên mình chiếc áo lộng lẫy với hàng loạt những viên kim cương quý giá trong khi mặt số lại hết sức đơn giản khi chỉ sử dụng màu trắng trơn thanh lịch. Franck Muller sử dụng bộ tia, cọc số Ả Rập chỉ giờ quen thuộc. Đặc biệt, chiếc đồng hồ được tích hợp dây da ca sấu cao cấp mang tone màu trắng tone-sur-tone với mặt số khiến cho cả tổng thể trở nên vô cùng thuần khiết và thời trang. Mặt kính chất liệu Sapphire với khả năng chống sốc và chống xây xước tuyệt vời thể hiện được rõ ràng cỗ máy cơ khí đẹp mắt hoạt động bên dưới.</p>
<p>Bên cạnh đó, Franck Muller Vanguard V 32 SC AT FO D (AC.NR) WHITE còn được trang bị bộ máy Quartz tự động tinh anh có chuyển động ổn định, nhẹ nhàng cùng khả năng báo thời gian với độ chính xác đáng tin cậy.</p>","","1","1","FRANCK MULLER, FRANCK MULLER > Ladies' Collection (V32)","https://empireluxury.vn/wp-content/uploads/2022/04/dong-ho-franck-muller-vanguard-v-32-sc-at-fo-d-ac-nr-white-2.jpg","Thương hiệu","FRANCK MULLER","1","1","Bộ sưu tập","Ladies' Collection (V32)","1","1"
"V 32 SC AT FO D CD (5N.RS)","simple","Đồng Hồ Franck Muller Vanguard V 32 SC AT FO D CD (5N.RS)","1","0","visible","Đồng Hồ Franck Muller Vanguard V 32 SC AT FO D CD (5N.RS) hiện đang có mặt tại Empire Luxury với mức giá không thể tốt hơn. Tìm hiểu ngay!","<p><span data-sheets-value=""{&quot;1&quot;:2,&quot;2&quot;:&quot;Vỏ bằng vàng hồng 18kt với dây đeo bằng da cá sấu màu hồng. Cố định gờ đặt kim cương bằng vàng hồng 18kt. Mặt số kim cương với kim hình chiếc lá tông màu vàng và các vạch chỉ giờ bằng chữ số Ả Rập&quot;}"" data-sheets-userformat=""{&quot;2&quot;:513,&quot;3&quot;:{&quot;1&quot;:0},&quot;12&quot;:0}"">Vỏ bằng vàng hồng 18kt với dây đeo bằng da cá sấu màu hồng. Cố định gờ đặt kim cương bằng vàng hồng 18kt. Mặt số kim cương với kim hình chiếc lá tông màu vàng và các vạch chỉ giờ bằng chữ số Ả Rập</span></p>","","1","1","FRANCK MULLER, FRANCK MULLER > Ladies' Collection (V32)","https://empireluxury.vn/wp-content/uploads/2022/04/dong-ho-franck-muller-vanguard-v-32-sc-at-fo-d-cd-5n-rs-1.jpg","Thương hiệu","FRANCK MULLER","1","1","Bộ sưu tập","Ladies' Collection (V32)","1","1"
"V 32 SC AT FO D CD (5N.VL)","simple","Đồng Hồ Franck Muller Vanguard V 32 SC AT FO D CD (5N.VL)","1","0","visible","Đồng Hồ Franck Muller Vanguard V 32 SC AT FO D CD (5N.VL) hiện đang có mặt tại Empire Luxury với mức giá không thể tốt hơn. Tìm hiểu ngay!","<p>Đồng hồ Franck Muller Vanguard V 32 SC AT FO D CD (5N.VL) là một sản phẩm đồng hồ với lớp vỏ được chế tác từ chất liệu Vàng Hồng 18k xa xỉ, có đường kính 32mm và mặt số dáng tonneau (dạng thùng) được Franck Muller khai thác triệt để trong các thiết kế kinh điển của Vanguard, đem lại một tổng thể hoàn hảo và có độ cong hoàn hảo giúp ôm sát cổ tay chủ nhân. Vành Bezel của đồng hồ được hoàn thiện bằng phương pháp đánh bóng quen thuộc, bộ khung bezel đem lại sự xa hoa bậc nhất khi khoác lên mình chiếc áo lộng lẫy với hàng loạt những viên kim cương quý giá trải dài từ vành bezel vào toàn bộ mặt số. Franck Muller sử dụng bộ tia, cọc số Ả Rập chỉ giờ quen thuộc. Đặc biệt, chiếc đồng hồ được tích hợp dây da ca sấu cao cấp mang tone màu tím nhạt trẻ trung và phù hợp với phần viền chữ số. Mặt kính chất liệu Sapphire với khả năng chống sốc và chống xây xước tuyệt vời thể hiện được rõ ràng cỗ máy cơ khí đẹp mắt hoạt động bên dưới.</p>
<p>Bên cạnh đó, Franck Muller Vanguard V 32 SC AT FO D CD (5N.VL) còn được trang bị bộ máy Quartz tự động tinh anh có chuyển động ổn định, nhẹ nhàng cùng khả năng báo thời gian với độ chính xác đáng tin cậy.</p>","","1","1","FRANCK MULLER, FRANCK MULLER > Ladies' Collection (V32)","https://empireluxury.vn/wp-content/uploads/2022/04/dong-ho-franck-muller-vanguard-v-32-sc-at-fo-d-cd-5n-vl-6-2.jpg","Thương hiệu","FRANCK MULLER","1","1","Bộ sưu tập","Ladies' Collection (V32)","1","1"
"V 32 SC AT FO D CD (OG.RS)","simple","Đồng Hồ Franck Muller Vanguard V 32 SC AT FO D CD (OG.RS)","1","0","visible","Đồng Hồ Franck Muller Vanguard V 32 SC AT FO D CD (OG.RS) hiện đang có mặt tại Empire Luxury với mức giá không thể tốt hơn. Tìm hiểu ngay!","<p>Đồng hồ Franck Muller Vanguard V 32 SC AT FO D CD (5N.VL) là một sản phẩm đồng hồ với lớp vỏ được chế tác từ chất liệu Vàng Trắng 18k xa xỉ, có đường kính 32mm và mặt số dáng tonneau (dạng thùng) được Franck Muller khai thác triệt để trong các thiết kế kinh điển của Vanguard, đem lại một tổng thể hoàn hảo và có độ cong hoàn hảo giúp ôm sát cổ tay chủ nhân. Vành Bezel của đồng hồ được hoàn thiện bằng phương pháp đánh bóng quen thuộc, bộ khung bezel đem lại sự xa hoa bậc nhất khi khoác lên mình chiếc áo lộng lẫy với hàng loạt những viên kim cương quý giá trải dài từ vành bezel vào toàn bộ mặt số. Franck Muller sử dụng bộ tia, cọc số Ả Rập chỉ giờ quen thuộc. Đặc biệt, chiếc đồng hồ được tích hợp dây da ca sấu cao cấp mang tone màu tím nhạt trẻ trung và phù hợp với phần viền chữ số. Mặt kính chất liệu Sapphire với khả năng chống sốc và chống xây xước tuyệt vời thể hiện được rõ ràng cỗ máy cơ khí đẹp mắt hoạt động bên dưới.</p>
<p>Bên cạnh đó, Franck Muller Vanguard V 32 SC AT FO D CD (5N.VL) còn được trang bị bộ máy Quartz tự động tinh anh có chuyển động ổn định, nhẹ nhàng cùng khả năng báo thời gian với độ chính xác đáng tin cậy.</p>","","1","1","FRANCK MULLER, FRANCK MULLER > Ladies' Collection (V32)","https://empireluxury.vn/wp-content/uploads/2022/04/dong-ho-franck-muller-vanguard-v-32-sc-at-fo-d-cd-og-rs-8.jpg","Thương hiệu","FRANCK MULLER","1","1","Bộ sưu tập","Ladies' Collection (V32)","1","1"
"V32 SC AT FO LD (5N.NR)","simple","Đồng Hồ Franck Muller Vanguard V 32 SC AT FO LD (5N.NR)","1","0","visible","Đồng Hồ Franck Muller Vanguard V 32 SC AT FO LD (5N.NR) hiện đang có mặt tại Empire Luxury với mức giá không thể tốt hơn. Tìm hiểu ngay!","<p><span data-sheets-value=""{&quot;1&quot;:2,&quot;2&quot;:&quot;Đồng hồ Franck Muller Vanguard V 32 Sc At Fo L D (5n Nr) là mẫu đồng hồ đến từ thương hiệu Franck Muller dành cho các quý cô sang trọng. Chiếc đồng hồ sử dụng bộ máy tự động có xuất xứ Thụy Sĩ, đồng hồ có thể vận hành trong thời gian dài, có độ bền và giá trị sưu tầm cao. hất liệu vỏ được chế tác từ Vàng khối, chất liệu quý sang trọng nhất trong giới đồng hồ. Đồng hồ vàng khối luôn là khao khát của người chơi đồng hồ.Đồng hồ được trang bị dây da làm từ chất liệu cao cấp, hoàn thiện tốt, ôm gọn vào tay người đeo.Chất liệu kính làm từ Sapphire đem lại khả năng chống xước, lóa tuyệt vời.&quot;}"" data-sheets-userformat=""{&quot;2&quot;:513,&quot;3&quot;:{&quot;1&quot;:0},&quot;12&quot;:0}"">Đồng hồ Franck Muller Vanguard V 32 Sc At Fo L D (5n Nr) là mẫu đồng hồ đến từ thương hiệu Franck Muller dành cho các quý cô sang trọng. Chiếc đồng hồ sử dụng bộ máy tự động có xuất xứ Thụy Sĩ, đồng hồ có thể vận hành trong thời gian dài, có độ bền và giá trị sưu tầm cao. hất liệu vỏ được chế tác từ Vàng khối, chất liệu quý sang trọng nhất trong giới đồng hồ. Đồng hồ vàng khối luôn là khao khát của người chơi đồng hồ.Đồng hồ được trang bị dây da làm từ chất liệu cao cấp, hoàn thiện tốt, ôm gọn vào tay người đeo.Chất liệu kính làm từ Sapphire đem lại khả năng chống xước, lóa tuyệt vời.</span></p>","","1","1","FRANCK MULLER, FRANCK MULLER > Ladies' Collection (V32)","https://empireluxury.vn/wp-content/uploads/2022/04/dong-ho-franck-muller-vanguard-v-32-sc-at-fo-ld-5n-nr-2.jpg","Thương hiệu","FRANCK MULLER","1","1","Bộ sưu tập","Ladies' Collection (V32)","1","1"
"V 32 SC AT FO PUR DRM (AC.BC)","simple","Đồng Hồ Franck Muller Vanguard V 32 SC AT FO PUR DRM (AC.BC)","1","0","visible","Đồng Hồ Franck Muller Vanguard V32 SC AT FO PUR DRM (AC.BC) hiện đang có mặt tại Empire Luxury với mức giá không thể tốt hơn. Tìm hiểu ngay!","<p><span data-sheets-value=""{&quot;1&quot;:2,&quot;2&quot;:&quot;Sự phát triển của thời đại ngày nay, những người phụ nữ năng động, sáng tạo cũng rất cần đến một cỗ máy thời gian ngay trên cổ tay mình. Đáp ứng nhu cầu đó, đã có hàng loạt những dòng đồng hồ dành cho phái nữ ra đời, và điển hình trong đó là V 32 của Franck Muller.&quot;}"" data-sheets-userformat=""{&quot;2&quot;:513,&quot;3&quot;:{&quot;1&quot;:0},&quot;12&quot;:0}"">Sự phát triển của thời đại ngày nay, những người phụ nữ năng động, sáng tạo cũng rất cần đến một cỗ máy thời gian ngay trên cổ tay mình. Đáp ứng nhu cầu đó, đã có hàng loạt những dòng đồng hồ dành cho phái nữ ra đời, và điển hình trong đó là V 32 của Franck Muller.</span></p>","","1","1","FRANCK MULLER, FRANCK MULLER > Ladies' Collection (V32)","https://empireluxury.vn/wp-content/uploads/2022/04/dong-ho-franck-muller-vanguard-v-32-sc-at-fo-pur-drm-ac-bc-8-1.jpg","Thương hiệu","FRANCK MULLER","1","1","Bộ sưu tập","Ladies' Collection (V32)","1","1"
"V 32 SC AT FO L (5N.NR)","simple","Đồng Hồ Franck Muller Vanguard V32 SC AT FO L (5N.NR)","1","0","visible","Đồng Hồ Franck Muller Vanguard V32 SC AT FO L (5N.NR) hiện đang có mặt tại Empire Luxury với mức giá không thể tốt hơn. Tìm hiểu ngay!","<p>Đồng hồ Franck Muller Vanguard V32 SC AT FO L (5N.NR) là một sản phẩm đồng hồ với lớp vỏ được chế tác từ chất liệu Thép không gỉ cao cấp, có đường kính 32mm và mặt số dáng tonneau (dạng thùng) được Franck Muller khai thác triệt để trong các thiết kế kinh điển của Vanguard, đem lại một tổng thể hoàn hảo và có độ cong hoàn hảo giúp ôm sát cổ tay chủ nhân. Vành Bezel của đồng hồ được hoàn thiện bằng phương pháp đánh bóng quen thuộc, bộ khung bezel đem lại sự mãn nhãn khi không cần đến sự lấp lánh của kim cương nhưng vẫn trở nên vô cùng thu hút. Franck Muller sử dụng bộ tia, cọc số Ả Rập chỉ giờ quen thuộc đi cùng tính năng moonphase (lịch tuần trăng) được thể hiện qua một mặt số phụ với nửa bán cầu là hình ảnh mặt trăng cùng các vì sao được chạm khắc sinh động tựa như hình ảnh bầu trời đêm.. Đặc biệt, chiếc đồng hồ được tích hợp dây da ca sấu cao cấp mang tone đen cá tính. Mặt kính chất liệu Sapphire với khả năng chống sốc và chống xây xước tuyệt vời thể hiện được rõ ràng cỗ máy cơ khí đẹp mắt hoạt động bên dưới.</p>
<p>Bên cạnh đó, Franck Muller Vanguard V32 SC AT FO L (5N.NR) còn được trang bị bộ máy Quartz tự động tinh anh có chuyển động ổn định, nhẹ nhàng cùng khả năng báo thời gian với độ chính xác đáng tin cậy.</p>","","1","1","FRANCK MULLER, FRANCK MULLER > Ladies' Collection (V32)","https://empireluxury.vn/wp-content/uploads/2022/04/dong-ho-franck-muller-vanguard-v32-sc-at-fo-l-5n-nr-3.jpg","Thương hiệu","FRANCK MULLER","1","1","Bộ sưu tập","Ladies' Collection (V32)","1","1"
"V 32 SC AT FO LD CD (AC.RS)","simple","Đồng Hồ Franck Muller Vanguard V32 SC AT FO LD CD (AC.RS)","1","0","visible","Đồng Hồ Franck Muller Vanguard V32 SC AT FO LD CD (AC.RS) hiện đang có mặt tại Empire Luxury với mức giá không thể tốt hơn. Tìm hiểu ngay!","<p>Đồng hồ Franck Muller Vanguard V32 SC AT FO LD CD (AC.RS) là một sản phẩm đồng hồ với lớp vỏ được chế tác từ chất liệu Thép không gỉ cao cấp, có đường kính 32mm và mặt số dáng tonneau (dạng thùng) được Franck Muller khai thác triệt để trong các thiết kế kinh điển của Vanguard, đem lại một tổng thể hoàn hảo và có độ cong hoàn hảo giúp ôm sát cổ tay chủ nhân. Vành Bezel của đồng hồ được hoàn thiện bằng phương pháp đánh bóng quen thuộc, bộ khung bezel đem lại sự mãn nhãn khi được nạm đính kim cương trải dài từ vành bezel vào đến toàn bộ mặt số khiến cho tổng thể đồng hồ trở nên vô cùng thu hút. Franck Muller sử dụng bộ tia, cọc số Ả Rập chỉ giờ quen thuộc đi cùng tính năng moonphase (lịch tuần trăng) được thể hiện qua một mặt số phụ với nửa bán cầu là hình ảnh mặt trăng cùng các vì sao được chạm khắc sinh động tựa như hình ảnh bầu trời đêm.. Đặc biệt, chiếc đồng hồ được tích hợp dây da ca sấu cao cấp mang tone hồng nữ tính phù hợp với các cọc chỉ số. Mặt kính chất liệu Sapphire với khả năng chống sốc và chống xây xước tuyệt vời thể hiện được rõ ràng cỗ máy cơ khí đẹp mắt hoạt động bên dưới.</p>
<p>Bên cạnh đó, Franck Muller Vanguard V32 SC AT FO LD CD (AC.RS) còn được trang bị bộ máy Quartz tự động tinh anh có chuyển động ổn định, nhẹ nhàng cùng khả năng báo thời gian với độ chính xác đáng tin cậy.</p>","","1","1","FRANCK MULLER, FRANCK MULLER > Ladies' Collection (V32)","https://empireluxury.vn/wp-content/uploads/2022/04/dong-ho-franck-muller-vanguard-v32-sc-at-fo-ld-cd-ac-rs-3-1.jpg","Thương hiệu","FRANCK MULLER","1","1","Bộ sưu tập","Ladies' Collection (V32)","1","1"
"V32 QZ D AC. BC","simple","Đồng Hồ Franck Muller Vanguard White Quartz V 32 Qz D (AC.BC)","1","0","visible","Đồng Hồ Franck Muller Vanguard White Quartz V 32 Qz D (AC.BC) hiện đang có mặt tại Empire Luxury với mức giá không thể tốt hơn. Tìm hiểu ngay!","<p>Đồng hồ Franck Muller Vanguard White Quartz V 32 Qz D (AC.BC) là một sản phẩm đồng hồ với lớp vỏ được chế tác từ chất liệu Thép không gỉ cao cấp, có đường kính 32mm và mặt số dáng tonneau (dạng thùng) được Franck Muller khai thác triệt để trong các thiết kế kinh điển của Vanguard, đem lại một tổng thể hoàn hảo và có độ cong hoàn hảo giúp ôm sát cổ tay chủ nhân. Vành Bezel của đồng hồ được hoàn thiện bằng phương pháp đánh bóng quen thuộc, bộ khung bezel đem lại sự mãn nhãn khi được nạm đính kim cương Brilliant Cut trở nên vô cùng thu hút. Franck Muller sử dụng bộ tia, cọc số Ả Rập chỉ giờ quen thuộc. Đặc biệt, chiếc đồng hồ được tích hợp dây da ca sấu cao cấp mang tone màu trắng tinh tế và phù hợp với phần viền chữ số all-white sang trọng. Mặt kính chất liệu Sapphire với khả năng chống sốc và chống xây xước tuyệt vời thể hiện được rõ ràng cỗ máy cơ khí đẹp mắt hoạt động bên dưới.</p>
<p>Bên cạnh đó, Franck Muller Vanguard White Quartz V 32 Qz D (AC.BC) còn được trang bị bộ máy Quartz tự động tinh anh có chuyển động ổn định, nhẹ nhàng cùng khả năng báo thời gian với độ chính xác đáng tin cậy.</p>","","1","1","FRANCK MULLER, FRANCK MULLER > Ladies' Collection (V32)","https://empireluxury.vn/wp-content/uploads/2022/04/dong-ho-franck-muller-vanguard-white-quartz-v-32-qz-d-ac-bc-1.jpg","Thương hiệu","FRANCK MULLER","1","1","Bộ sưu tập","Ladies' Collection (V32)","1","1"
"8041 QZ RD (5N)","simple","Đồng Hồ Franck Muller Infinity 8041 QZ RD (5N)","1","0","visible","Đồng Hồ Franck Muller Infinity 8041 QZ RD (5N) hiện đang có mặt tại Empire Luxury với mức giá không thể tốt hơn. Tìm hiểu ngay!","<p>Chiếc đồng hồ Franck muller này thuộc dòng Infinity có bộ máy thạch anh chính xác được bọc trong vỏ vàng hồng 18kt, đường kính 41 mm với tinh thể sapphire chống xước</p>","","1","1","FRANCK MULLER, FRANCK MULLER > Men's Collection (V41)","https://empireluxury.vn/wp-content/uploads/2022/04/dong-ho-franck-muller-infinity-8041-qz-rd-5n-6.jpg","Thương hiệu","FRANCK MULLER","1","1","Bộ sưu tập","Men's Collection (V41)","1","1"
"V 41 CC DT (AC.TT)","simple","Đồng Hồ Franck Muller Vanguard V 41 CC DT (AC.TT)","1","0","visible","Đồng Hồ Franck Muller Vanguard V 41 CC DT (AC.TT) hiện đang có mặt tại Empire Luxury với mức giá không thể tốt hơn. Tìm hiểu ngay!","<p><span data-sheets-value=""{&quot;1&quot;:2,&quot;2&quot;:&quot;Theo sự phát triển, dần dần bộ sưu tập Vanguard của Franck Muller cũng sẽ được thêm những tính năng mới và phức tạp hơn. Với phiên bản Franck Muller Vanguard V 41 CC DT (AC.TT), dòng đồng hồ quen thuộc với dáng Tonneau đã có thêm tính năng Chronograph.&quot;}"" data-sheets-userformat=""{&quot;2&quot;:513,&quot;3&quot;:{&quot;1&quot;:0},&quot;12&quot;:0}"">Theo sự phát triển, dần dần bộ sưu tập Vanguard của Franck Muller cũng sẽ được thêm những tính năng mới và phức tạp hơn. Với phiên bản Franck Muller Vanguard V 41 CC DT (AC.TT), dòng đồng hồ quen thuộc với dáng Tonneau đã có thêm tính năng Chronograph.</span></p>","","1","1","FRANCK MULLER, FRANCK MULLER > Men's Collection (V41)","https://empireluxury.vn/wp-content/uploads/2022/04/dong-ho-franck-muller-vanguard-v-41-cc-dt-ac-tt-4.jpg","Thương hiệu","FRANCK MULLER","1","1","Bộ sưu tập","Men's Collection (V41)","1","1"
"V 41 CC DT YACHTING (AC.BL)","simple","Đồng Hồ Franck Muller Vanguard V 41 CC DT YACHTING (AC.BL)","1","0","visible","Đồng Hồ Franck Muller Vanguard V 41 CC DT YACHTING (AC.BL) hiện đang có mặt tại Empire Luxury với mức giá không thể tốt hơn. Tìm hiểu ngay!","<p><span data-sheets-value=""{&quot;1&quot;:2,&quot;2&quot;:&quot;Thương hiệu Franck Muller sử dụng chất liệu thép không gỉ để tạo nên bộ vỏ 44mm x 53,7mm của mẫu đồng hồ Vanguard V 41 CC DT YACHTING (AC.BL). Vành bezel hay phần cạnh bên cong đều của mẫu đồng hồ này đã được hoàn thiện sáng bóng và cực kỳ nổi bật so với phần nắp đáy kín hoàn thiện chải xước dọc.&quot;}"" data-sheets-userformat=""{&quot;2&quot;:513,&quot;3&quot;:{&quot;1&quot;:0},&quot;12&quot;:0}"">Thương hiệu Franck Muller sử dụng chất liệu thép không gỉ để tạo nên bộ vỏ 44mm x 53,7mm của mẫu đồng hồ Vanguard V 41 CC DT YACHTING (AC.BL). Vành bezel hay phần cạnh bên cong đều của mẫu đồng hồ này đã được hoàn thiện sáng bóng và cực kỳ nổi bật so với phần nắp đáy kín hoàn thiện chải xước dọc.</span></p>","","1","1","FRANCK MULLER, FRANCK MULLER > Men's Collection (V41)","https://empireluxury.vn/wp-content/uploads/2022/04/dong-ho-franck-muller-vanguard-v-41-cc-dt-yachting-ac-bl-7.jpg","Thương hiệu","FRANCK MULLER","1","1","Bộ sưu tập","Men's Collection (V41)","1","1"
"V 41 S6 SQT YACHTING ANC (5N.BL)","simple","Đồng Hồ Franck Muller Vanguard V 41 S6 SQT YACHTING ANC (5N.BL)","1","0","visible","Đồng Hồ Franck Muller Vanguard V 41 S6 SQT YACHTING ANC (5N.BL) hiện đang có mặt tại Empire Luxury với mức giá không thể tốt hơn. Tìm hiểu ngay!","<p><span data-sheets-value=""{&quot;1&quot;:2,&quot;2&quot;:&quot;Yachting nằm bên trong bộ sưu tập Vanguard của Franck Muller, và chiếc đồng hồ này lại nằm trong một nhánh nhỏ hơn của Yachting mang tên Yachting Anchor Skeleton. Cái tên kia cũng đã thể hiện rõ những gì đặc trưng nhất của phiên bản này: mặt số Skeleton.&quot;}"" data-sheets-userformat=""{&quot;2&quot;:513,&quot;3&quot;:{&quot;1&quot;:0},&quot;12&quot;:0}"">Yachting nằm bên trong bộ sưu tập Vanguard của Franck Muller, và chiếc đồng hồ này lại nằm trong một nhánh nhỏ hơn của Yachting mang tên Yachting Anchor Skeleton. Cái tên kia cũng đã thể hiện rõ những gì đặc trưng nhất của phiên bản này: mặt số Skeleton.</span></p>","","1","1","FRANCK MULLER, FRANCK MULLER > Men's Collection (V41)","https://empireluxury.vn/wp-content/uploads/2022/04/dong-ho-franck-muller-vanguard-v-41-s6-sqt-yachting-anc-5n-bl-2.jpg","Thương hiệu","FRANCK MULLER","1","1","Bộ sưu tập","Men's Collection (V41)","1","1"
"V 41 SC DT YACHTING","simple","Đồng Hồ Franck Muller Vanguard V 41 SC DT (5N.NR)","1","0","visible","Đồng Hồ Franck Muller Vanguard V 41 SC DT (5N.NR) hiện đang có mặt tại Empire Luxury với mức giá không thể tốt hơn. Tìm hiểu ngay!","<p>Đồng hồ Franck Muller Vanguard V 41 SC DT (5N.NR) là một sản phẩm đồng hồ với lớp vỏ được chế tác từ chất liệu Vàng Hồng 18k xa xỉ, có đường kính 41mm và mặt số dáng tonneau (dạng thùng) được Franck Muller khai thác triệt để trong các thiết kế kinh điển của Vanguard, đem lại một tổng thể hoàn hảo và có độ cong hoàn hảo giúp ôm sát cổ tay chủ nhân. Vành Bezel của đồng hồ được hoàn thiện bằng phương pháp đánh bóng quen thuộc, bộ khung bezel đem lại sự mãn nhãn khi không cần đến sự lấp lánh của kim cương nhưng vẫn trở nên vô cùng thu hút. Franck Muller sử dụng bộ tia, cọc số Ả Rập chỉ giờ quen thuộc đi cùng chức năng không thể bỏ sót phần chữ số la bàn ở rìa ngoài cùng giúp tô điểm cho phong cách của mặt số và tạo nét riêng biệt với các phiên bản có trang bị thang đo tachymeter. Đặc biệt, chiếc đồng hồ được tích hợp dây da ca sấu cao cấp mang tone màu đen nam tính và phù hợp với phần cọc số sang trọng. Mặt kính chất liệu Sapphire với khả năng chống sốc và chống xây xước tuyệt vời thể hiện được rõ ràng cỗ máy cơ khí đẹp mắt hoạt động bên dưới.</p>
<p>Bên cạnh đó, Franck Muller Vanguard V 41 SC DT (5N.NR) còn được trang bị bộ máy Quartz tự động tinh anh có chuyển động ổn định, nhẹ nhàng cùng khả năng báo thời gian với độ chính xác đáng tin cậy.</p>","","1","1","FRANCK MULLER, FRANCK MULLER > Men's Collection (V41)","https://empireluxury.vn/wp-content/uploads/2022/04/dong-ho-franck-muller-vanguard-v-41-sc-dt-5n-nr-8.jpg","Thương hiệu","FRANCK MULLER","1","1","Bộ sưu tập","Men's Collection (V41)","1","1"
"V 41 SC DT (AC.RG)","simple","Đồng Hồ Franck Muller Vanguard V 41 SC DT (AC.RG)","1","0","visible","Đồng Hồ Franck Muller Vanguard V 41 SC DT (AC.RG) hiện đang có mặt tại Empire Luxury với mức giá không thể tốt hơn. Tìm hiểu ngay!","<p><span data-sheets-value=""{&quot;1&quot;:2,&quot;2&quot;:&quot;Vỏ Tonneau của Richard Mille góc cạnh, với nhiều lớp xếp lên nhau. Ngược lại, vỏ Tonneau của Franck Muller được cải tiến thành dáng Cintree Curvex độc quyền của thương hiệu. Thiết kế này mềm mại với những đường cong và bo góc, nhưng vẫn giữ được nét thể thao với những đường rãnh ở cạnh đồng hồ.&quot;}"" data-sheets-userformat=""{&quot;2&quot;:513,&quot;3&quot;:{&quot;1&quot;:0},&quot;12&quot;:0}"">Vỏ Tonneau của Richard Mille góc cạnh, với nhiều lớp xếp lên nhau. Ngược lại, vỏ Tonneau của Franck Muller được cải tiến thành dáng Cintree Curvex độc quyền của thương hiệu. Thiết kế này mềm mại với những đường cong và bo góc, nhưng vẫn giữ được nét thể thao với những đường rãnh ở cạnh đồng hồ.</span></p>","","1","1","FRANCK MULLER, FRANCK MULLER > Men's Collection (V41)","https://empireluxury.vn/wp-content/uploads/2022/04/dong-ho-franck-muller-vanguard-v-41-sc-dt-ac-rg-4.jpg","Thương hiệu","FRANCK MULLER","1","1","Bộ sưu tập","Men's Collection (V41)","1","1"
"V 41 SC DT (AC.TT)","simple","Đồng Hồ Franck Muller Vanguard V 41 SC DT (AC.TT)","1","0","visible","Đồng Hồ Franck Muller Franck Muller Vanguard V 41 SC DT (AC.TT) hiện đang có mặt tại Empire Luxury với mức giá không thể tốt hơn. Tìm hiểu ngay!","<p>Đồng hồ Franck Muller Vanguard V 41 SC DT (AC.TT) là một sản phẩm đồng hồ với lớp vỏ được chế tác từ chất liệu Thép không gỉ cao cấp, có đường kính 41mm và mặt số dáng tonneau (dạng thùng) được Franck Muller khai thác triệt để trong các thiết kế kinh điển của Vanguard, đem lại một tổng thể hoàn hảo và có độ cong hoàn hảo giúp ôm sát cổ tay chủ nhân. Vành Bezel của đồng hồ được hoàn thiện bằng phương pháp đánh bóng quen thuộc, bộ khung bezel đem lại sự mãn nhãn khi không cần đến sự lấp lánh của kim cương nhưng vẫn trở nên vô cùng thu hút. Franck Muller sử dụng bộ tia, cọc số Ả Rập chỉ giờ quen thuộc đi cùng chức năng Chronograph mới rất ít được xuất hiện trên đồng hồ thời trang của Franck Muller. Đặc biệt, chiếc đồng hồ được tích hợp dây da ca sấu cao cấp mang tone màu đen nam tính và phù hợp với phần viền chữ số sang trọng. Mặt kính chất liệu Sapphire với khả năng chống sốc và chống xây xước tuyệt vời thể hiện được rõ ràng cỗ máy cơ khí đẹp mắt hoạt động bên dưới.</p>
<p>Bên cạnh đó, Franck Muller Vanguard V 41 SC DT (AC.TT) còn được trang bị bộ máy Caliber FM-7000. Bộ máy tự động này hoạt động ở tần số 28,800, sở hữu 27 chân kính và có thời lượng dự trữ cót khoảng 48 giờ.</p>","","1","1","FRANCK MULLER, FRANCK MULLER > Men's Collection (V41)","https://empireluxury.vn/wp-content/uploads/2022/04/dong-ho-franck-muller-vanguard-v-41-sc-dt-ac-tt-8.jpg","Thương hiệu","FRANCK MULLER","1","1","Bộ sưu tập","Men's Collection (V41)","1","1"
"V 41 SC DT (TT.BR.5N)","simple","Đồng Hồ Franck Muller Vanguard V 41 SC DT (TT.BR.5N)","1","0","visible","Đồng Hồ Franck Muller Vanguard V 41 SC DT (TT.BR.5N) hiện đang có mặt tại Empire Luxury với mức giá không thể tốt hơn. Tìm hiểu ngay!","<p><span data-sheets-value=""{&quot;1&quot;:2,&quot;2&quot;:&quot;Nếu bạn là một quý ông hiện đại yêu thích phong cách thể thao, nam tính nhưng vẫn có sự thanh lịch, sang trọng, tôi rất vui được gửi cho bạn hình ảnh mẫu Franck Muller Vanguard V 41 SC DT (TT.BR.5N) màu xám trung tính rất lạ mắt, cá tính và đủ nghiêm túc để bạn diện cùng vest hay suit trong những buổi ngoại giao quan trọng.&quot;}"" data-sheets-userformat=""{&quot;2&quot;:513,&quot;3&quot;:{&quot;1&quot;:0},&quot;12&quot;:0}"">Nếu bạn là một quý ông hiện đại yêu thích phong cách thể thao, nam tính nhưng vẫn có sự thanh lịch, sang trọng, tôi rất vui được gửi cho bạn hình ảnh mẫu Franck Muller Vanguard V 41 SC DT (TT.BR.5N) màu xám trung tính rất lạ mắt, cá tính và đủ nghiêm túc để bạn diện cùng vest hay suit trong những buổi ngoại giao quan trọng.</span></p>","","1","1","FRANCK MULLER, FRANCK MULLER > Men's Collection (V41)","https://empireluxury.vn/wp-content/uploads/2022/04/dong-ho-franck-muller-vanguard-v-41-sc-dt-tt-br-5n-7.jpg","Thương hiệu","FRANCK MULLER","1","1","Bộ sưu tập","Men's Collection (V41)","1","1"
"V 41 SC DT D CD (5N.TT)","simple","Đồng Hồ Franck Muller Vanguard V 41 SC DT D CD (5N.TT)","1","0","visible","Đồng Hồ Franck Muller Vanguard V 41 SC DT D CD (5N.TT) hiện đang có mặt tại Empire Luxury với mức giá không thể tốt hơn. Tìm hiểu ngay!","<p>Đồng hồ Franck Muller Vanguard V 41 SC DT D CD (5N.TT) là một sản phẩm đồng hồ với lớp vỏ được chế tác từ chất liệu Vàng Hồng 18k và kim cương đầy xa xỉ, có đường kính 41mm và mặt số dáng tonneau (dạng thùng) được Franck Muller khai thác triệt để trong các thiết kế kinh điển của Vanguard, đem lại một tổng thể hoàn hảo và có độ cong hoàn hảo giúp ôm sát cổ tay chủ nhân. Vành Bezel của đồng hồ được hoàn thiện bằng phương pháp đánh bóng quen thuộc, bộ khung bezel đem lại sự xa hoa bậc nhất khi khoác lên mình hàng trăm viên kim cương Brilliant Cut thu hút mọi ánh nhìn. Franck Muller sử dụng bộ tia, cọc số Ả Rập chỉ giờ quen thuộc nhưng vẫn không quên cho sự xuất hiện của hàng loạt viên kim cương được nạm đính chắc chắn cả tổng thể mặt số, tạo nên một cái nhìn xa hoa và đặc biệt thu hút. Một ô cửa sổ lịch ngày đặt khéo léo ở góc 6h vô cùng hợp lý. Bên cạnh đó, chiếc đồng hồ được tích hợp dây da ca sấu cao cấp mang tone màu đen huyền bí hết sức đẹp mắt tone-sur-tone với mặt số. Mặt kính chất liệu Sapphire với khả năng chống sốc và chống xây xước tuyệt vời thể hiện được rõ ràng cỗ máy cơ khí đẹp mắt hoạt động bên dưới.</p>
<p>Bên cạnh đó, Franck Muller Vanguard V 41 SC DT D CD (5N.TT) còn được trang bị bộ máy FM 800 với mức dự trữ năng lượng lên đến 48h đồng hồ và khả năng chống nước an toàn ở độ sâu 30m.</p>","","1","1","FRANCK MULLER, FRANCK MULLER > Men's Collection (V41)","https://empireluxury.vn/wp-content/uploads/2022/04/dong-ho-franck-muller-vanguard-v-41-sc-dt-d-cd-5n-tt-9.jpg","Thương hiệu","FRANCK MULLER","1","1","Bộ sưu tập","Men's Collection (V41)","1","1"
"V 41 SC DT D YACHTING (5N.BL)","simple","Đồng Hồ Franck Muller Vanguard V 41 SC DT D YACHTING (5N.BL)","1","0","visible","Đồng Hồ Franck Muller Vanguard V 41 SC DT D YACHTING (5N.BL) hiện đang có mặt tại Empire Luxury với mức giá không thể tốt hơn. Tìm hiểu ngay!","<p><span data-sheets-value=""{&quot;1&quot;:2,&quot;2&quot;:&quot;Phiên bản Franck Muller Vanguard V 41 SC DT D YACHTING (5N.BL) có kích thước 41mm, phù hợp với phần lớn mọi người. Bên cạnh đó, bộ vỏ bằng vàng hồng nguyên khối còn được chế tác theo dáng vỏ Cintree Curvex đặc trưng của thương hiệu. Bộ vỏ này có nhiều đường cong, ôm nhẹ nhàng lấy cổ tay người sử dụng.&quot;}"" data-sheets-userformat=""{&quot;2&quot;:515,&quot;3&quot;:{&quot;1&quot;:0},&quot;4&quot;:{&quot;1&quot;:2,&quot;2&quot;:16776960},&quot;12&quot;:0}"">Phiên bản Franck Muller Vanguard V 41 SC DT D YACHTING (5N.BL) có kích thước 41mm, phù hợp với phần lớn mọi người. Bên cạnh đó, bộ vỏ bằng vàng hồng nguyên khối còn được chế tác theo dáng vỏ Cintree Curvex đặc trưng của thương hiệu. Bộ vỏ này có nhiều đường cong, ôm nhẹ nhàng lấy cổ tay người sử dụng.</span></p>","","1","1","FRANCK MULLER, FRANCK MULLER > Men's Collection (V41)","https://empireluxury.vn/wp-content/uploads/2022/04/dong-ho-franck-muller-vanguard-v-41-sc-dt-d-yachting-5n-bl-9.jpg","Thương hiệu","FRANCK MULLER","1","1","Bộ sưu tập","Men's Collection (V41)","1","1"
"V 41 SC DT TT NR BR (NR)","simple","Đồng Hồ Franck Muller Vanguard V 41 SC DT TT NR BR (NR)","1","0","visible","Đồng Hồ Franck Muller Vanguard V 41 SC DT TT NR BR (NR). Mặt Số Đen hiện đang có mặt tại Empire Luxury với mức giá không thể tốt hơn. Tìm hiểu ngay!","<p><span data-sheets-value=""{&quot;1&quot;:2,&quot;2&quot;:&quot;Táo bạo và cá tính, hãy cùng xem những gì Franck Muller thể hiện qua mẫu đồng hồ Franck Muller Vanguard V 41 SC DT TT NR BR (NR). Sở hữu duy nhất một tông màu đen đầy bí ẩn, chiếc đồng hồ khoác trên mình lớp vỏ khung thiết kế tonneau được cải tiến đầy mới lạ với hai cạnh bên uốn cong của riêng nhà Franck Muller.&quot;}"" data-sheets-userformat=""{&quot;2&quot;:513,&quot;3&quot;:{&quot;1&quot;:0},&quot;12&quot;:0}"">Táo bạo và cá tính, hãy cùng xem những gì Franck Muller thể hiện qua mẫu đồng hồ Franck Muller Vanguard V 41 SC DT TT NR BR (NR). Sở hữu duy nhất một tông màu đen đầy bí ẩn, chiếc đồng hồ khoác trên mình lớp vỏ khung thiết kế tonneau được cải tiến đầy mới lạ với hai cạnh bên uốn cong của riêng nhà Franck Muller.</span></p>","","1","1","FRANCK MULLER, FRANCK MULLER > Men's Collection (V41)","https://empireluxury.vn/wp-content/uploads/2022/04/dong-ho-franck-muller-vanguard-v-41-sc-dt-tt-nr-br-nr-7.webp","Thương hiệu","FRANCK MULLER","1","1","Bộ sưu tập","Men's Collection (V41)","1","1"
"V 41 SC DT YACHTING (5N.BL)","simple","Đồng Hồ Franck Muller Vanguard V 41 SC DT YACHTING (5N.BL)","1","0","visible","Đồng Hồ Franck Muller Vanguard V 41 SC DT YACHTING (5N.BL). Mặt Số Đen hiện đang có mặt tại Empire Luxury với mức giá không thể tốt hơn. Tìm hiểu ngay!","<p>Với phiên bản đồng hồ lần này, nhà sản xuất tiếp tục sử dụng thiết kế vỏ tonneau thời thượng với xuất phát điểm là hình chữ nhật có hai cạnh dài được uốn cong mềm mại, giảm độ góc cạnh và nâng tầm đẳng cấp. Nhô hẳn ra ngoài vỏ khung là thiết kế núm điều chỉnh dạng xoắn vít bằng vàng viền khía rãnh sắc sảo, cố định bởi hai tai càng màu xanh đậm tăng độ chắc chắn và đảm bảo vít chặt vỏ đồng hồ có thể chống thấm nước hiệu quả ở độ sâu 30m.</p>","","1","1","FRANCK MULLER, FRANCK MULLER > Men's Collection (V41)","https://empireluxury.vn/wp-content/uploads/2022/04/dong-ho-franck-muller-vanguard-v-41-sc-dt-yachting-5n-bl-6.jpg","Thương hiệu","FRANCK MULLER","1","1","Bộ sưu tập","Men's Collection (V41)","1","1"
"den","simple","Đồng Hồ Franck Muller Vanguard V41 Custom Full Diamonds Cọc Số Đen Dây Đeo Đen","1","0","visible","Đồng Hồ Franck Muller Vanguard V41 Custom Full Diamonds Cọc Số Đen Dây Đeo Đen hiện đang có mặt tại Empire Luxury với mức giá không thể tốt hơn. Tìm hiểu ngay!","<p>Đồng Hồ Franck Muller Vanguard V41 Custom Full Diamonds Cọc Số Đen Dây Đeo Đen là một sản phẩm đồng hồ với lớp vỏ được chế tác từ chất liệu Thép không gỉ cao cấp, có đường kính 41mm và mặt số dáng tonneau (dạng thùng) được Franck Muller khai thác triệt để trong các thiết kế kinh điển của Vanguard, đem lại một tổng thể hoàn hảo và có độ cong hoàn hảo giúp ôm sát cổ tay chủ nhân. Vành Bezel của đồng hồ được hoàn thiện bằng phương pháp đánh bóng quen thuộc, bộ khung bezel đem lại sự xa hoa bậc nhất khi khoác lên mình hàng trăm viên kim cương Brilliant Cut thu hút mọi ánh nhìn. Franck Muller sử dụng bộ tia, cọc số Ả Rập chỉ giờ quen thuộc nhưng vẫn không quên cho sự xuất hiện của hàng loạt viên kim cương được nạm đính chắc chắn cả tổng thể mặt số, tạo nên một cái nhìn xa hoa và đặc biệt thu hút. Một ô cửa sổ lịch ngày đặt khéo léo ở góc 6h vô cùng hợp lý. Bên cạnh đó, chiếc đồng hồ được tích hợp dây da ca sấu cao cấp mang tone màu đen huyền bí hết sức đẹp mắt tone-sur-tone với mặt số. Mặt kính chất liệu Sapphire với khả năng chống sốc và chống xây xước tuyệt vời thể hiện được rõ ràng cỗ máy cơ khí đẹp mắt hoạt động bên dưới.</p>
<p>Bên cạnh đó, Franck Muller Vanguard V41 Custom Full Diamonds Cọc Số Đen Dây Đeo Đen còn được trang bị bộ máy FM 800 với mức dự trữ năng lượng lên đến 48h đồng hồ và khả năng chống nước an toàn ở độ sâu 30m.</p>","","1","1","FRANCK MULLER, FRANCK MULLER > Men's Collection (V41)","https://empireluxury.vn/wp-content/uploads/2022/06/dong-ho-franck-muller-vanguard-v41-custom-full-diamonds-coc-so-den-day-deo-den-9.jpg","Thương hiệu","FRANCK MULLER","1","1","Bộ sưu tập","Men's Collection (V41)","1","1"
"den","simple","Đồng Hồ Franck Muller Vanguard V41 King Gold Custom Diamonds Mặt Số Đen Dây Đeo Đen","1","0","visible","Đồng Hồ Franck Muller Vanguard V41 King Gold Custom Diamonds Mặt Số Đen Dây Đeo Đen hiện đang có mặt tại Empire Luxury với mức giá không thể tốt hơn. Tìm hiểu ngay!","<p>Đồng Hồ Franck Muller Vanguard V41 King Gold Custom Diamonds Mặt Số Đen Dây Đeo Đen là một sản phẩm đồng hồ với lớp vỏ được chế tác từ chất liệu Vàng 18k xa xỉ, có đường kính 41mm và mặt số dáng tonneau (dạng thùng) được Franck Muller khai thác triệt để trong các thiết kế kinh điển của Vanguard, đem lại một tổng thể hoàn hảo và có độ cong hoàn hảo giúp ôm sát cổ tay chủ nhân. Vành Bezel của đồng hồ được hoàn thiện bằng phương pháp đánh bóng quen thuộc, bộ khung bezel đem lại sự xa hoa bậc nhất khi khoác lên mình hàng trăm viên kim cương Brilliant Cut thu hút mọi ánh nhìn . Franck Muller sử dụng bộ tia, cọc số Ả Rập chỉ giờ quen thuộc nhưng vẫn không quên cho sự xuất hiện của những viên kim cương bên trên những chỉ số để tăng thêm phần nổi bật. Mặt kính chất liệu Sapphire với khả năng chống sốc và chống xây xước tuyệt vời thể hiện được rõ ràng cỗ máy cơ khí đẹp mắt hoạt động bên dưới.</p>
<p>Bên cạnh đó, Franck Muller Vanguard V41 King Gold Custom Diamonds Mặt Số Đen Dây Đeo Đen còn được trang bị bộ máy tự động trữ năng lượng từ chuyển động tay. Với khả năng chống nước lên đến 50m, chiếc đồng hồ là một minh chứng cho vẻ đẹp thẩm mỹ và đậm chất xa xỉ của thương hiệu đồng hồ đến từ Thuỵ Sĩ.</p>","","1","1","FRANCK MULLER, FRANCK MULLER > Men's Collection (V41)","https://empireluxury.vn/wp-content/uploads/2022/06/dong-ho-franck-muller-vanguard-v41-king-gold-custom-diamonds-mat-so-den-day-deo-den-6.jpg","Thương hiệu","FRANCK MULLER","1","1","Bộ sưu tập","Men's Collection (V41)","1","1"
"V41 KOI 188pcs","simple","Đồng Hồ Franck Muller Vanguard V41 KOI Limited Edition – Giới Hạn 188 Chiếc","1","0","visible","Đồng Hồ Franck Muller Vanguard V41 KOI Limited Edition - Giới Hạn 188 Chiếc hiện đang có mặt tại Empire Luxury với mức giá không thể tốt hơn. Tìm hiểu ngay!","<p><span data-sheets-value=""{&quot;1&quot;:2,&quot;2&quot;:&quot;Đồng Hồ Franck Muller Vanguard V41 Yachting Custom Diamonds Mặt Số Xanh Dây Đeo Xanh là một sản phẩm đồng hồ với lớp vỏ được chế tác từ chất liệu Thép không gỉ cao cấp, có đường kính 41mm và mặt số dáng tonneau (dạng thùng) được Franck Muller khai thác triệt để trong các thiết kế kinh điển của Vanguard, đem lại một tổng thể hoàn hảo và có độ cong hoàn hảo giúp ôm sát cổ tay chủ nhân. Vành Bezel của đồng hồ được hoàn thiện bằng phương pháp đánh bóng quen thuộc, bộ khung bezel đem lại sự xa hoa bậc nhất khi khoác lên mình hàng trăm viên kim cương Brilliant Cut thu hút mọi ánh nhìn. Franck Muller sử dụng bộ tia, cọc số Ả Rập chỉ giờ quen thuộc nhưng vẫn không quên cho sự xuất hiện điểm nhấn ấn tượng trên mặt đồng hồ chính là biểu đồ hoa gió được thiết kế cách điệu. Một ô cửa sổ lịch ngày đặt khéo léo ở góc 6h vô cùng hợp lý. Mặt kính chất liệu Sapphire với khả năng chống sốc và chống xây xước tuyệt vời thể hiện được rõ ràng cỗ máy cơ khí đẹp mắt hoạt động bên dưới. nnBên cạnh đó, Franck Muller Vanguard V41 Yachting Custom Diamonds Mặt Số Xanh Dây Đeo Xanh còn được trang bị bộ máy FM 800 với mức dự trữ năng lượng lên đến 48h đồng hồ và khả năng chống nước an toàn ở độ sâu 30m.&quot;}"" data-sheets-userformat=""{&quot;2&quot;:513,&quot;3&quot;:{&quot;1&quot;:0},&quot;12&quot;:0}"">Đồng hồ Franck Muller Vanguard V41 KOI Limited Edition là một sản phẩm đồng hồ với lớp vỏ được chế tác từ chất liệu Thép không gỉ cao cấp, có đường kính 41mm và mặt số dáng tonneau (dạng thùng) được Franck Muller khai thác triệt để trong các thiết kế kinh điển của Vanguard, đem lại một tổng thể hoàn hảo và có độ cong hoàn hảo giúp ôm sát cổ tay chủ nhân. Vành Bezel của đồng hồ được hoàn thiện bằng phương pháp đánh bóng quen thuộc với chất liệu thép không gỉ. Franck Muller Vanguard V41 KOI Limited Edition sử dụng bộ tia, cọc số Ả Rập chỉ giờ quen thuộc.</span></p>
<p><span data-sheets-value=""{&quot;1&quot;:2,&quot;2&quot;:&quot;Đồng Hồ Franck Muller Vanguard V41 Yachting Custom Diamonds Mặt Số Xanh Dây Đeo Xanh là một sản phẩm đồng hồ với lớp vỏ được chế tác từ chất liệu Thép không gỉ cao cấp, có đường kính 41mm và mặt số dáng tonneau (dạng thùng) được Franck Muller khai thác triệt để trong các thiết kế kinh điển của Vanguard, đem lại một tổng thể hoàn hảo và có độ cong hoàn hảo giúp ôm sát cổ tay chủ nhân. Vành Bezel của đồng hồ được hoàn thiện bằng phương pháp đánh bóng quen thuộc, bộ khung bezel đem lại sự xa hoa bậc nhất khi khoác lên mình hàng trăm viên kim cương Brilliant Cut thu hút mọi ánh nhìn. Franck Muller sử dụng bộ tia, cọc số Ả Rập chỉ giờ quen thuộc nhưng vẫn không quên cho sự xuất hiện điểm nhấn ấn tượng trên mặt đồng hồ chính là biểu đồ hoa gió được thiết kế cách điệu. Một ô cửa sổ lịch ngày đặt khéo léo ở góc 6h vô cùng hợp lý. Mặt kính chất liệu Sapphire với khả năng chống sốc và chống xây xước tuyệt vời thể hiện được rõ ràng cỗ máy cơ khí đẹp mắt hoạt động bên dưới. nnBên cạnh đó, Franck Muller Vanguard V41 Yachting Custom Diamonds Mặt Số Xanh Dây Đeo Xanh còn được trang bị bộ máy FM 800 với mức dự trữ năng lượng lên đến 48h đồng hồ và khả năng chống nước an toàn ở độ sâu 30m.&quot;}"" data-sheets-userformat=""{&quot;2&quot;:513,&quot;3&quot;:{&quot;1&quot;:0},&quot;12&quot;:0}"">Sự xuất hiện mang điểm nhấn ấn tượng trên mặt đồng hồ chính là hoạ tiết cá KOI – linh vật biểu tượng cho sự may mắn, kiên trì và thành công. Franck Muller nổi tiếng với những chế tác mang đậm ý nghĩa về phong thuỷ, phiên bản Franck Muller Vanguard V41 KOI Limited Edition giới hạn 188 chiếc trên toàn thế giới này là một cách ý nghĩa để thương hiệu gửi gắm niềm tin về sự thịnh vượng và hạnh phúc cho những tín đồ đam mê loài cá KOI quý giá này. Một ô cửa sổ lịch ngày đặt khéo léo ở góc 6h vô cùng hợp lý. Franck Muller Vanguard V41 KOI Limited Edition sở hữu mặt kính chất liệu Sapphire với khả năng chống sốc và chống xây xước tuyệt vời thể hiện được rõ ràng cỗ máy cơ khí đẹp mắt hoạt động bên dưới.</span></p>
<p>Bên cạnh đó, <span data-sheets-value=""{&quot;1&quot;:2,&quot;2&quot;:&quot;Đồng Hồ Franck Muller Vanguard V41 Yachting Custom Diamonds Mặt Số Xanh Dây Đeo Xanh là một sản phẩm đồng hồ với lớp vỏ được chế tác từ chất liệu Thép không gỉ cao cấp, có đường kính 41mm và mặt số dáng tonneau (dạng thùng) được Franck Muller khai thác triệt để trong các thiết kế kinh điển của Vanguard, đem lại một tổng thể hoàn hảo và có độ cong hoàn hảo giúp ôm sát cổ tay chủ nhân. Vành Bezel của đồng hồ được hoàn thiện bằng phương pháp đánh bóng quen thuộc, bộ khung bezel đem lại sự xa hoa bậc nhất khi khoác lên mình hàng trăm viên kim cương Brilliant Cut thu hút mọi ánh nhìn. Franck Muller sử dụng bộ tia, cọc số Ả Rập chỉ giờ quen thuộc nhưng vẫn không quên cho sự xuất hiện điểm nhấn ấn tượng trên mặt đồng hồ chính là biểu đồ hoa gió được thiết kế cách điệu. Một ô cửa sổ lịch ngày đặt khéo léo ở góc 6h vô cùng hợp lý. Mặt kính chất liệu Sapphire với khả năng chống sốc và chống xây xước tuyệt vời thể hiện được rõ ràng cỗ máy cơ khí đẹp mắt hoạt động bên dưới. nnBên cạnh đó, Franck Muller Vanguard V41 Yachting Custom Diamonds Mặt Số Xanh Dây Đeo Xanh còn được trang bị bộ máy FM 800 với mức dự trữ năng lượng lên đến 48h đồng hồ và khả năng chống nước an toàn ở độ sâu 30m.&quot;}"" data-sheets-userformat=""{&quot;2&quot;:513,&quot;3&quot;:{&quot;1&quot;:0},&quot;12&quot;:0}"">Franck Muller Vanguard V41 KOI Limited Edition là phiên bản vừa được ra mắt với kích thước 41mm,</span>&nbsp;còn được trang bị bộ máy FM 800 với mức dự trữ năng lượng lên đến 48h đồng hồ và khả năng chống nước an toàn ở độ sâu 30m.</p>","","1","1","FRANCK MULLER, FRANCK MULLER > Men's Collection (V41)","https://empireluxury.vn/wp-content/uploads/2024/01/dong-ho-franck-muller-vanguard-v41-koi-limited-edition-8.jpg","Thương hiệu","FRANCK MULLER","1","1","Bộ sưu tập","Men's Collection (V41)","1","1"
"xanh","simple","Đồng Hồ Franck Muller Vanguard V41 Yachting Custom Diamonds Mặt Số Xanh Dây Đeo Xanh","1","0","visible","Đồng Hồ Franck Muller Vanguard V41 Yachting Custom Diamonds Mặt Số Xanh Dây Đeo Xanh hiện đang có mặt tại Empire Luxury với mức giá không thể tốt hơn. Tìm hiểu ngay!","<p><span data-sheets-value=""{&quot;1&quot;:2,&quot;2&quot;:&quot;Đồng Hồ Franck Muller Vanguard V41 Yachting Custom Diamonds Mặt Số Xanh Dây Đeo Xanh là một sản phẩm đồng hồ với lớp vỏ được chế tác từ chất liệu Thép không gỉ cao cấp, có đường kính 41mm và mặt số dáng tonneau (dạng thùng) được Franck Muller khai thác triệt để trong các thiết kế kinh điển của Vanguard, đem lại một tổng thể hoàn hảo và có độ cong hoàn hảo giúp ôm sát cổ tay chủ nhân. Vành Bezel của đồng hồ được hoàn thiện bằng phương pháp đánh bóng quen thuộc, bộ khung bezel đem lại sự xa hoa bậc nhất khi khoác lên mình hàng trăm viên kim cương Brilliant Cut thu hút mọi ánh nhìn. Franck Muller sử dụng bộ tia, cọc số Ả Rập chỉ giờ quen thuộc nhưng vẫn không quên cho sự xuất hiện điểm nhấn ấn tượng trên mặt đồng hồ chính là biểu đồ hoa gió được thiết kế cách điệu. Một ô cửa sổ lịch ngày đặt khéo léo ở góc 6h vô cùng hợp lý. Mặt kính chất liệu Sapphire với khả năng chống sốc và chống xây xước tuyệt vời thể hiện được rõ ràng cỗ máy cơ khí đẹp mắt hoạt động bên dưới. \n\nBên cạnh đó, Franck Muller Vanguard V41 Yachting Custom Diamonds Mặt Số Xanh Dây Đeo Xanh còn được trang bị bộ máy FM 800 với mức dự trữ năng lượng lên đến 48h đồng hồ và khả năng chống nước an toàn ở độ sâu 30m.&quot;}"" data-sheets-userformat=""{&quot;2&quot;:513,&quot;3&quot;:{&quot;1&quot;:0},&quot;12&quot;:0}"">Đồng Hồ Franck Muller Vanguard V41 Yachting Custom Diamonds Mặt Số Xanh Dây Đeo Xanh là một sản phẩm đồng hồ với lớp vỏ được chế tác từ chất liệu Thép không gỉ cao cấp, có đường kính 41mm và mặt số dáng tonneau (dạng thùng) được Franck Muller khai thác triệt để trong các thiết kế kinh điển của Vanguard, đem lại một tổng thể hoàn hảo và có độ cong hoàn hảo giúp ôm sát cổ tay chủ nhân. Vành Bezel của đồng hồ được hoàn thiện bằng phương pháp đánh bóng quen thuộc, bộ khung bezel đem lại sự xa hoa bậc nhất khi khoác lên mình hàng trăm viên kim cương Brilliant Cut thu hút mọi ánh nhìn. Franck Muller sử dụng bộ tia, cọc số Ả Rập chỉ giờ quen thuộc nhưng vẫn không quên cho sự xuất hiện điểm nhấn ấn tượng trên mặt đồng hồ chính là biểu đồ hoa gió được thiết kế cách điệu. Một ô cửa sổ lịch ngày đặt khéo léo ở góc 6h vô cùng hợp lý. Mặt kính chất liệu Sapphire với khả năng chống sốc và chống xây xước tuyệt vời thể hiện được rõ ràng cỗ máy cơ khí đẹp mắt hoạt động bên dưới.</span></p>
<p>Bên cạnh đó, Franck Muller Vanguard V41 Yachting Custom Diamonds Mặt Số Xanh Dây Đeo Xanh còn được trang bị bộ máy FM 800 với mức dự trữ năng lượng lên đến 48h đồng hồ và khả năng chống nước an toàn ở độ sâu 30m.</p>","","1","1","FRANCK MULLER, FRANCK MULLER > Men's Collection (V41)","https://empireluxury.vn/wp-content/uploads/2022/06/dong-ho-franck-muller-vanguard-v41-yachting-custom-diamonds-mat-so-xanh-day-deo-xanh-8.jpg","Thương hiệu","FRANCK MULLER","1","1","Bộ sưu tập","Men's Collection (V41)","1","1"
